source,index,qid,cue_type,option_value,condition_text,target_text,raw_text,status,note
paragraph,29,T0_1,show,,T0答(02)顯示此題,此題,T0_1‧請問他/她/您(中選受訪者)有沒有「視力上完全看不到」或「聽力完全聽不到」的狀況?【T0答(02)顯示此題】,candidate,
paragraph,56,CK01,show,,顯示題,題,"CK01接下來,開始填寫戶抽訪問紀錄Y0-Y2,如沒有要填寫,請點擊「中止填寫」按鈕離開此畫面。【顯示題】【不顯示題號】",ignore,"Display-only marker, not a respondent-answer logic rule."
paragraph,56,CK01,show,,不顯示題號,題號,"CK01接下來,開始填寫戶抽訪問紀錄Y0-Y2,如沒有要填寫,請點擊「中止填寫」按鈕離開此畫面。【顯示題】【不顯示題號】",ignore,"Display-only marker, not a respondent-answer logic rule."
paragraph,62,Y0_1,skip,,跳至Y1,Y1,(01)只有一戶【跳至Y1】,candidate,
paragraph,87,Y2,condition,,"若受訪者已聽過前述說明,以下無須重複唸讀,請直接勾選訪函提供狀況;如不確定,請唸讀以下內容",,"ZA【若受訪者已聽過前述說明,以下無須重複唸讀,請直接勾選訪函提供狀況;如不確定,請唸讀以下內容】",review,
paragraph,112,A2,condition,,"A1答(997)或(998)者,才需回答此題",,"A2‧請問您今年大概幾歲?【A1答(997)或(998)者,才需回答此題】",review,
paragraph,166,A5,condition,,"A4答(01)、(97)、(98)者,不需回答此題",,"A5‧那請問您的戶籍所在地是哪個縣市、哪個鄉鎮市區呢?(以身分證上的為主)【地區題】【A4答(01)、(97)、(98)者,不需回答此題】",review,
paragraph,253,O1_1,condition,,"A9答(01)者,選項互斥",,"□ (01) 是,日間部【A9答(01)者,選項互斥】",review,
paragraph,254,O1_1,condition,,"A9答(01)者,選項互斥",,"□ (02) 是,夜間部/進修部 【A9答(01)者,選項互斥】",review,
paragraph,255,O1_1,condition,,"A9答(01)者,選項互斥",,"□ (03) 是,在職專班【A9答(01)者,選項互斥】",review,
paragraph,256,O1_1,condition,,"A9答(01)者,選項互斥",,"□ (04) 是,空中大學【A9答(01)者,選項互斥】",review,
paragraph,276,O1,condition,,"O1_1答(05)者,選項互斥",,"□ (14)沒有工作:正在就學中【O1_1答(05)者,選項互斥】",review,
paragraph,283,O2,condition,,"O1答(01)-(05)、(88)者,才需回答此題",,"O2‧請問您的行業:(卡4)【O1答(01)-(05)、(88)者,才需回答此題】",review,
paragraph,313,O3,condition,,"O1答(01)-(05)、(88)者,才需回答此題",,"O3‧請問您現在的工作屬於哪一類?(卡5)【O1答(01)-(05)、(88)者,才需回答此題】",review,
paragraph,327,O4,condition,500,"O1答(01)-(05)、(88)者,且O3答(01)、(03)-(06)、(88),需回答此題",,"5000、9991、9997、9998】【O1答(01)-(05)、(88)者,且O3答(01)、(03)-(06)、(88),需回答此題】",review,
paragraph,354,D2,condition,,"D1答(01)、(02)者,需回答此題",,"D2‧請問您每週平均有幾天會使用手機?【數值題,可輸入小數點,範圍為0.5、1、1.5、2、2.5、3、3.5、4、4.5、5、5.5、6、6.5、7、95、97、98】【D1答(01)、(02)者,需回答此題】",review,
paragraph,367,D3,condition,,"D1答(01)、(02)者,需回答此題",,"D3‧在您有使用手機的那一天,您一整天大概會使用多久?使用手機是指「講電話」或「眼睛有看著手機螢幕」,例如使用LINE、看影片或照片等都算。【數值題,範圍:0001-2359、9797、9898】【D1答(01)、(02)者,需回答此題】",review,
paragraph,382,D4,condition,,"D1答(01)、(02)者,需回答此題",,"D4-D8.請問下面這些事情多常發生在您身上?(卡6)【D1答(01)、(02)者,需回答此題】",review,
paragraph,429,E17,condition,,"K1答(01)者,或K2答(13)者,才需回答此題",,"E17‧請問您平常主要是透過手機、平板或電腦使用LINE?【K1答(01)者,或K2答(13)者,才需回答此題】",review,
paragraph,432,E17,condition,,與D1答(03)互斥,,□ (01)手機【與D1答(03)互斥】,review,
paragraph,439,KLI1,condition,,"K1答(01)者,或K2答(13)者,才需回答此題",,"KLI1‧請問您每週平均有幾天使用LINE?【數值題,可輸入小數點,範圍為0.5、1、1.5、2、2.5、3、3.5、4、4.5、5、5.5、6、6.5、7、95、97、98】【K1答(01)者,或K2答(13)者,才需回答此題】",review,
paragraph,453,KLI2,condition,,"K1答(01)者,或K2答(13)者,才需回答此題",,"KLI2‧在您有使用LINE的那一天,您一整天大概會使用多久(要真的有在用LINE傳訊息、通話、看LINE Today的時間)?【數值題,範圍:0001-2359、9797、9898】【K1答(01)者,或K2答(13)者,才需回答此題】",review,
paragraph,468,KFB1,condition,,"K1答(02)者,或K2答(01)者,才需回答此題",,"KFB1‧請問您每週平均有幾天使用臉書(Facebook),包含臉書聊天室(FB Messenger)也算?【數值題,可輸入小數點,範圍為0.5、1、1.5、2、2.5、3、3.5、4、4.5、5、5.5、6、6.5、7、95、97、98】【K1答(02)者,或K2答(01)者,才需回答此題】",review,
paragraph,482,KFB2,condition,,"K1答(02)者,或K2答(01)者,才需回答此題",,"KFB2‧在您有使用臉書(Facebook),包含臉書聊天室(FB Messenger)的那一天,您一整天大概會使用多久(真的有在用的時間)?【數值題,範圍:0001-2359、9797、9898】【K1答(02)者,或K2答(01)者,才需回答此題】",review,
paragraph,496,KFB3,condition,,"K1答(02)者,或K2答(01)者,才需回答此題",,"KFB3‧請問您使用臉書(Facebook)主要的原因或動機是什麼呢?(可多選)(卡9)【K1答(02)者,或K2答(01)者,才需回答此題】",review,
paragraph,499,KFB4,condition,,"K1答(02)者,或K2答(01)者,才需回答此題",,"KFB4‧請問您平常會在臉書(Facebook)上做哪些事情呢?(可多選)(卡10)【K1答(02)者,或K2答(01)者,才需回答此題】",review,
paragraph,517,KFB4,condition,,"資料處理:K1答(02)者,選項(18)必選",,"□ (18)傳送訊息(文字、圖片、語音)或視訊【資料處理:K1答(02)者,選項(18)必選】",review,
paragraph,522,KIG1,condition,,"K1答(03)者,或K2答(02)者,才需回答此題",,"KIG1‧請問您每週平均有幾天使用Instagram(IG)?【數值題,可輸入小數點,範圍為0.5、1、1.5、2、2.5、3、3.5、4、4.5、5、5.5、6、6.5、7、95、97、98】【K1答(03)者,或K2答(02)者,才需回答此題】",review,
paragraph,535,KIG2,condition,,"K1答(03)者,或K2答(02)者,才需回答此題",,"KIG2‧在您有使用Instagram(IG)的那一天,您一整天大概會使用多久(真的有在用Instagram(IG)的時間)?【數值題,範圍:0001-2359、9797、9898】【K1答(03)者,或K2答(02)者,才需回答此題】",review,
paragraph,547,KIG3,condition,,"K1答(03)者,或K2答(02)者,才需回答此題",,"KIG3‧請問您使用Instagram(IG)主要的原因或動機是什麼呢?(可多選)(卡11)【K1答(03)者,或K2答(02)者,才需回答此題】",review,
paragraph,569,KIG4,condition,,"K1答(03)者,或K2答(02)者,才需回答此題",,"KIG4‧請問您平常會在Instagram(IG)上做哪些事情呢?(可多選)(卡12)【K1答(03)者,或K2答(02)者,才需回答此題】",review,
paragraph,583,KIG4,condition,,"資料處理:K1答(03)者,選項(14)必選",,"□ (14)傳送訊息(文字、圖片、語音)或視訊【資料處理:K1答(03)者,選項(14)必選】",review,
paragraph,588,KTT1,condition,,"K1答(11)者,或K2答(07)者,才需回答此題",,"KTT1‧請問您每週平均有幾天使用抖音(TikTok)?【數值題,可輸入小數點,範圍為0.5、1、1.5、2、2.5、3、3.5、4、4.5、5、5.5、6、6.5、7、95、97、98】【K1答(11)者,或K2答(07)者,才需回答此題】",review,
paragraph,601,KTT2,condition,,"K1答(11)者,或K2答(07)者,才需回答此題",,"KTT2‧在您有使用抖音(TikTok)的那一天,您一整天大概會使用多久(真的有在用抖音(TikTok)的時間)?【數值題,範圍:0001-2359、9797、9898】【K1答(11)者,或K2答(07)者,才需回答此題】",review,
paragraph,614,KTT3,condition,,"K1答(11)者,或K2答(07)者,才需回答此題",,"KTT3‧請問您使用抖音(TikTok)主要的原因或動機是什麼呢?(可多選)(卡13)【K1答(11)者,或K2答(07)者,才需回答此題】",review,
paragraph,635,KTT4,condition,,"K1答(11)者,或K2答(07)者,才需回答此題",,"KTT4‧請問您平常會在抖音(TikTok)上做哪些事情呢?(可多選)(卡14)【K1答(11)者,或K2答(07)者,才需回答此題】",review,
paragraph,654,KTT5,condition,,"K1答(11)者,或K2答(07)者,才需回答此題",,"KTT5‧請問您平常會在抖音(TikTok)上看什麼內容?(可多選)(卡15)【K1答(11)者,或K2答(07)者,才需回答此題】",review,
paragraph,673,P5_1,condition,,"K1答(13)者,或K2答(11)者,才需回答此題",,"【陶振超委員】P5_1‧請問您每週平均有幾天使用Threads?【數值題,可輸入小數點,範圍為0.5、1、1.5、2、2.5、3、3.5、4、4.5、5、5.5、6、6.5、7、95、97、98】【K1答(13)者,或K2答(11)者,才需回答此題】",review,
paragraph,683,P5_2,condition,,"K1答(13)者,或K2答(11)者,才需回答此題",,"【陶振超委員】P5_2‧在您有使用Threads的那一天,您一整天大概會使用多久(真的有在用Threads的時間)?【數值題,範圍:0001-2359、9797、9898】【K1答(13)者,或K2答(11)者,才需回答此題】",review,
paragraph,718,E18,condition,,"K3答(01)者,才需回答此題",,"E18‧請問您平常主要是透過哪種方式使用YouTube?(卡17)【K3答(01)者,才需回答此題】",review,
paragraph,720,E18,condition,,與D1答(03)互斥,,□ (01)手機【與D1答(03)互斥】,review,
paragraph,723,E18,condition,,開放填答,,"□ (04)智慧型電視/連網電視□ (88)其他,請說明:_________【開放填答】",review,
paragraph,728,KYT1,condition,,"K3答(01)者,才需回答此題",,"KYT1‧請問您每週平均有幾天使用YouTube?【數值題,可輸入小數點,範圍為0.5、1、1.5、2、2.5、3、3.5、4、4.5、5、5.5、6、6.5、7、95、97、98】【K3答(01)者,才需回答此題】",review,
paragraph,743,KYT2,condition,,"K3答(01)者,才需回答此題",,"KYT2‧在您有使用YouTube的那一天,您一整天大概會使用多久(真的有在用YouTube的時間)?【數值題,範圍:0001-2359、9797、9898】【K3答(01)者,才需回答此題】",review,
paragraph,762,E1,condition,,"K1或K2或K3答(01)-(88)者,只能選填此選項",,"□ (01)有【K1或K2或K3答(01)-(88)者,只能選填此選項】",review,
paragraph,768,E2,condition,,"E1答(01)者,需答此題",,"E2‧請問您平常是用哪些設備上網?(可多選)(卡18)【E1答(01)者,需答此題】【資料處理:E17或E18答(01)者,E2選項(01)必選;E17或E18答(02)者,E2選項(02)必選;E17或E18答(03)者,E2選項(03)必選;E18答(04)者,E2選項(04)必選】",review,
paragraph,768,E2,condition,,"資料處理:E17或E18答(01)者,E2選項(01)必選;E17或E18答(02)者,E2選項(02)必選;E17或E18答(03)者,E2選項(03)必選;E18答(04)者,E2選項(04)必選",,"E2‧請問您平常是用哪些設備上網?(可多選)(卡18)【E1答(01)者,需答此題】【資料處理:E17或E18答(01)者,E2選項(01)必選;E17或E18答(02)者,E2選項(02)必選;E17或E18答(03)者,E2選項(03)必選;E18答(04)者,E2選項(04)必選】",review,
paragraph,773,E2,condition,,與D1答(03)互斥,,□ (01)手機【與D1答(03)互斥】,review,
paragraph,776,E2,condition,,開放填答,,"□ (04)智慧型電視/連網電視 □ (88)其他,請說明:_________【開放填答】",review,
paragraph,780,E4,condition,,貼D2答案,,"E4‧您先前回答「每週平均有【貼D2答案】天會使用手機」,請問【貼D2答案】天中,平均有幾天會透過手機上網,例如:用LINE、滑臉書(Facebook)、看YouTube,只算有用手機上網的天數?【數值題,可輸入小數點,範圍為0.5、1、1.5、2、2.5、3、3.5、4、4.5、5、5.5、6、6.5、7、95、97、98】【E2有答(01)或E17答(01)或E18答(01),才需回答此題】",review,
paragraph,780,E4,condition,,貼D2答案,,"E4‧您先前回答「每週平均有【貼D2答案】天會使用手機」,請問【貼D2答案】天中,平均有幾天會透過手機上網,例如:用LINE、滑臉書(Facebook)、看YouTube,只算有用手機上網的天數?【數值題,可輸入小數點,範圍為0.5、1、1.5、2、2.5、3、3.5、4、4.5、5、5.5、6、6.5、7、95、97、98】【E2有答(01)或E17答(01)或E18答(01),才需回答此題】",review,
paragraph,780,E4,condition,,"E2有答(01)或E17答(01)或E18答(01),才需回答此題",,"E4‧您先前回答「每週平均有【貼D2答案】天會使用手機」,請問【貼D2答案】天中,平均有幾天會透過手機上網,例如:用LINE、滑臉書(Facebook)、看YouTube,只算有用手機上網的天數?【數值題,可輸入小數點,範圍為0.5、1、1.5、2、2.5、3、3.5、4、4.5、5、5.5、6、6.5、7、95、97、98】【E2有答(01)或E17答(01)或E18答(01),才需回答此題】",review,
paragraph,784,CKE4,show,,"E4>D2時(D2<=7,E4<=7,E4>D2;D2=95,1<=E4<=7,顯示此題",此題,"CKE4‧【檢查題】【請注意】【E4>D2時(D2<=7,E4<=7,E4>D2;D2=95,1<=E4<=7,顯示此題】",candidate,
paragraph,785,CKE4,condition,,貼E4答案,,"您之前答每週透過手機上網(E4)【貼E4答案】天,超過使用手機的總天數(D2)【貼D2答案】天。",review,
paragraph,785,CKE4,condition,,貼D2答案,,"您之前答每週透過手機上網(E4)【貼E4答案】天,超過使用手機的總天數(D2)【貼D2答案】天。",review,
paragraph,791,E5,condition,,貼D3答案,,"E5‧您先前回答「有使用手機的那一天,大約使用【貼D3答案】」,我們想請教您:【數值題,範圍:0000-2359、9797、9898】【E2有答(01)或E17答(01)或E18答(01),需回答此題】【O1_1答(01)~(04)、(88),或O1答(01)~(05)、(12)、(13)、(14)、(88)者,需回答此題】",review,
paragraph,791,E5,condition,,"E2有答(01)或E17答(01)或E18答(01),需回答此題",,"E5‧您先前回答「有使用手機的那一天,大約使用【貼D3答案】」,我們想請教您:【數值題,範圍:0000-2359、9797、9898】【E2有答(01)或E17答(01)或E18答(01),需回答此題】【O1_1答(01)~(04)、(88),或O1答(01)~(05)、(12)、(13)、(14)、(88)者,需回答此題】",review,
paragraph,791,E5,condition,,"O1_1答(01)~(04)、(88),或O1答(01)~(05)、(12)、(13)、(14)、(88)者,需回答此題",,"E5‧您先前回答「有使用手機的那一天,大約使用【貼D3答案】」,我們想請教您:【數值題,範圍:0000-2359、9797、9898】【E2有答(01)或E17答(01)或E18答(01),需回答此題】【O1_1答(01)~(04)、(88),或O1答(01)~(05)、(12)、(13)、(14)、(88)者,需回答此題】",review,
paragraph,792,E5,condition,,貼O1_1答案,,受訪者的學習狀況:【貼O1_1答案】,review,
paragraph,793,E5,condition,,貼O1答案,,受訪者的工作狀況:【貼O1答案】,review,
paragraph,806,E6,condition,,貼D3答案,,"E6‧您先前回答「有使用手機的那一天,大約使用【貼D3答案】」,我們想請教您:【數值題,範圍:0000-2359、9797、9898】【E2有答(01)或E17答(01)或E18答(01),才需答此題】",review,
paragraph,806,E6,condition,,"E2有答(01)或E17答(01)或E18答(01),才需答此題",,"E6‧您先前回答「有使用手機的那一天,大約使用【貼D3答案】」,我們想請教您:【數值題,範圍:0000-2359、9797、9898】【E2有答(01)或E17答(01)或E18答(01),才需答此題】",review,
paragraph,810,E6,condition,,貼O1_1答案,,受訪者的學習狀況:【貼O1_1答案】,review,
paragraph,811,E6,condition,,貼O1答案,,受訪者的工作狀況:【貼O1答案】,review,
paragraph,823,CKE5,condition,,"E2有答(01)或E17答(01)或E18答(01),且O1_1答(01)~(04)、(88),或O1答(01)~(05)、(12)、(13)、(14)、(88),且E5+E6=0者",,"CKE5 檢查題(顯示題)
【請注意】【E2有答(01)或E17答(01)或E18答(01),且O1_1答(01)~(04)、(88),或O1答(01)~(05)、(12)、(13)、(14)、(88),且E5+E6=0者】【E2有答(01)或E17答(01)或E18答(01),且O1_1答(05)、(97)、(98),或O1答(06)~(11),且E6=0者】",review,
paragraph,823,CKE5,condition,,"E2有答(01)或E17答(01)或E18答(01),且O1_1答(05)、(97)、(98),或O1答(06)~(11),且E6=0者",,"CKE5 檢查題(顯示題)
【請注意】【E2有答(01)或E17答(01)或E18答(01),且O1_1答(01)~(04)、(88),或O1答(01)~(05)、(12)、(13)、(14)、(88),且E5+E6=0者】【E2有答(01)或E17答(01)或E18答(01),且O1_1答(05)、(97)、(98),或O1答(06)~(11),且E6=0者】",review,
paragraph,829,E7,condition,,"E2有答(02)或E17答(02)或E18答(02)者,才需回答此題",,"E7‧請問您每週平均有幾天會透過平板上網?【數值題,可輸入小數點,範圍為0.5、1、1.5、2、2.5、3、3.5、4、4.5、5、5.5、6、6.5、7、95、97、98】【E2有答(02)或E17答(02)或E18答(02)者,才需回答此題】",review,
paragraph,834,E8,condition,,"E2有答(02)或E17答(02)或E18答(02),需回答此題",,"E8‧在您有上網的那一天:【數值題,範圍:0000-2359、9797、9898】【E2有答(02)或E17答(02)或E18答(02),需回答此題】【O1_1答(01)~(04)、(88),或O1答(01)~(05)、(12)、(13)、(14)、(88)者,需回答此題】",review,
paragraph,834,E8,condition,,"O1_1答(01)~(04)、(88),或O1答(01)~(05)、(12)、(13)、(14)、(88)者,需回答此題",,"E8‧在您有上網的那一天:【數值題,範圍:0000-2359、9797、9898】【E2有答(02)或E17答(02)或E18答(02),需回答此題】【O1_1答(01)~(04)、(88),或O1答(01)~(05)、(12)、(13)、(14)、(88)者,需回答此題】",review,
paragraph,835,E8,condition,,貼O1_1答案,,受訪者的學習狀況:【貼O1_1答案】,review,
paragraph,836,E8,condition,,貼O1答案,,受訪者的工作狀況:【貼O1答案】,review,
paragraph,850,E9,condition,,"E2有答(02)或E17答(02)或E18答(02),才需答此題",,"E9‧在您有上網的那一天:【數值題,範圍:0000-2359、9797、9898】【E2有答(02)或E17答(02)或E18答(02),才需答此題】",review,
paragraph,851,E9,condition,,貼O1_1答案,,受訪者的學習狀況:【貼O1_1答案】,review,
paragraph,852,E9,condition,,貼O1答案,,受訪者的工作狀況:【貼O1答案】,review,
paragraph,866,CKE8,condition,,"E2有答(02)或E17答(02)或E18答(02),且O1_1答(01)~(04)、(88),或O1答(01)~(05)、(12)、(13)、(14)、(88),且E8+E9=0者;或2. E2有答(02)或E17答(02)或E18答(02),且O1_1答(05)、(97)、(98),或O1答(06)~(11),且E9=0者",,"CKE8 檢查題(顯示題)
【請注意】【E2有答(02)或E17答(02)或E18答(02),且O1_1答(01)~(04)、(88),或O1答(01)~(05)、(12)、(13)、(14)、(88),且E8+E9=0者;或2. E2有答(02)或E17答(02)或E18答(02),且O1_1答(05)、(97)、(98),或O1答(06)~(11),且E9=0者】",review,
paragraph,872,E10,condition,,"E2有答(03)或E17答(03)或E18答(03),才需回答此題",,"E10‧請問您每週平均有幾天會透過電腦上網?【數值題,可輸入小數點,範圍為0.5、1、1.5、2、2.5、3、3.5、4、4.5、5、5.5、6、6.5、7、95、97、98】【E2有答(03)或E17答(03)或E18答(03),才需回答此題】",review,
paragraph,885,E11,condition,,"E2有答(03)或E17答(03)或E18答(03),需回答此題",,"E11‧在您有上網的那一天:【數值題,範圍:0000-2359、9797、9898】【E2有答(03)或E17答(03)或E18答(03),需回答此題】【O1_1答(01)~(04)、(88),或O1答(01)~(05)、(12)、(13)、(14)、(88)者,需回答此題】",review,
paragraph,885,E11,condition,,"O1_1答(01)~(04)、(88),或O1答(01)~(05)、(12)、(13)、(14)、(88)者,需回答此題",,"E11‧在您有上網的那一天:【數值題,範圍:0000-2359、9797、9898】【E2有答(03)或E17答(03)或E18答(03),需回答此題】【O1_1答(01)~(04)、(88),或O1答(01)~(05)、(12)、(13)、(14)、(88)者,需回答此題】",review,
paragraph,886,E11,condition,,貼O1_1答案,,受訪者的學習狀況:【貼O1_1答案】,review,
paragraph,887,E11,condition,,貼O1答案,,受訪者的工作狀況:【貼O1答案】,review,
paragraph,902,E12,condition,,"E2有答(03)或E17答(03)或E18答(03)者,才需回答此題",,"E12‧在您有上網的那一天:【數值題,範圍:0000-2359、9797、9898】【E2有答(03)或E17答(03)或E18答(03)者,才需回答此題】",review,
paragraph,903,E12,condition,,貼O1_1答案,,受訪者的學習狀況:【貼O1_1答案】,review,
paragraph,904,E12,condition,,貼O1答案,,受訪者的工作狀況:【貼O1答案】,review,
paragraph,917,CKE11,condition,,"E2有答(03)或E17答(03)或E18答(03),且O1_1答(01)~(04)、(88),或O1答(01)~(05)、(12)、(13)、(14)、(88),且E11+E12=0者;或2. E2有答(03)或E17答(03)或E18答(03),且O1_1答(05)、(97)、(98),或O1答(06)~(11),且E12=0者",,"CKE11 檢查題(顯示題)
【請注意】【E2有答(03)或E17答(03)或E18答(03),且O1_1答(01)~(04)、(88),或O1答(01)~(05)、(12)、(13)、(14)、(88),且E11+E12=0者;或2. E2有答(03)或E17答(03)或E18答(03),且O1_1答(05)、(97)、(98),或O1答(06)~(11),且E12=0者】",review,
paragraph,923,E3_1,condition,,貼E2答案,,"E3_1‧檢查題(開放題)您剛回答使用【貼E2答案】因「工作與課業」或「不是工作或課業所需」的上網總時間超過24小時,想請問您原因為何?【E5、E6、E8、E9、E11、E12加總超過2400者(不含任一題答9797、9898),才需回答此題】",review,
paragraph,923,E3_1,condition,,"E5、E6、E8、E9、E11、E12加總超過2400者(不含任一題答9797、9898),才需回答此題",,"E3_1‧檢查題(開放題)您剛回答使用【貼E2答案】因「工作與課業」或「不是工作或課業所需」的上網總時間超過24小時,想請問您原因為何?【E5、E6、E8、E9、E11、E12加總超過2400者(不含任一題答9797、9898),才需回答此題】",review,
paragraph,925,E3_1,condition,,貼E5答案,,因「工作與課業」使用手機上網:【貼E5答案】、「不是工作或課業」使用手機上網:【貼E6答案】,review,
paragraph,925,E3_1,condition,,貼E6答案,,因「工作與課業」使用手機上網:【貼E5答案】、「不是工作或課業」使用手機上網:【貼E6答案】,review,
paragraph,926,E3_1,condition,,貼E8答案,,因「工作與課業」使用平板上網:【貼E8答案】、「不是工作或課業」使用平板上網:【貼E9答案】,review,
paragraph,926,E3_1,condition,,貼E9答案,,因「工作與課業」使用平板上網:【貼E8答案】、「不是工作或課業」使用平板上網:【貼E9答案】,review,
paragraph,927,E3_1,condition,,貼E11答案,,因「工作與課業」使用電腦上網:【貼E11答案】、「不是工作或課業」使用電腦上網:【貼E12答案】,review,
paragraph,927,E3_1,condition,,貼E12答案,,因「工作與課業」使用電腦上網:【貼E11答案】、「不是工作或課業」使用電腦上網:【貼E12答案】,review,
paragraph,929,E3,condition,,"E1答(01)者,需回答此題",,"E3‧請問您一天上網的時間是多少?【數值題,範圍:0001-2359、9797、9898】【E1答(01)者,需回答此題】",review,
paragraph,931,E3,condition,,貼K1答案,,即時通訊軟體:【貼K1答案】,review,
paragraph,932,E3,condition,,貼K2答案,,社群媒體:【貼K2答案】,review,
paragraph,933,E3,condition,,貼K3答案,,網路影音平台:【貼K3答案】,review,
paragraph,945,E13,condition,,"E1答(01)者,需回答此題",,"E13‧請問您上網的原因或動機是什麼呢(包括用【貼題E2】)?(可多選)(卡19)【E1答(01)者,需回答此題】",review,
paragraph,947,E14,condition,,"E1答(01)者,需回答此題",,"E14‧請問您每個月平均在網路上消費(買東西)大概花多少錢?(例如:購物、購買遊戲點數、下載音樂或電影等)【數值題,範圍0-100000,超過最大值則填999991】【E1答(01)者,需回答此題】",review,
paragraph,953,G7,show,,"不顯示選項編號,選項(01)-(12)隨機出現","選項編號,選項(01)-(12)隨機出現","G7‧請問您經常透過哪一些社群媒體、入口網站及整合新聞網站來看網路新聞?(可多選) 【訪員讀題完畢後,請將平板轉給受訪者選擇,並由訪員協助點選】【不顯示選項編號,選項(01)-(12)隨機出現】【E1答(01)者,需回答此題】",candidate,
paragraph,953,G7,condition,,"E1答(01)者,需回答此題",,"G7‧請問您經常透過哪一些社群媒體、入口網站及整合新聞網站來看網路新聞?(可多選) 【訪員讀題完畢後,請將平板轉給受訪者選擇,並由訪員協助點選】【不顯示選項編號,選項(01)-(12)隨機出現】【E1答(01)者,需回答此題】",review,
paragraph,958,G7,condition,,與K2答(90)者互斥,,□ (01)社群媒體(例如:臉書、Threads、X)【與K2答(90)者互斥】,review,
paragraph,959,G7,condition,,與K1答(90)者互斥,,□ (02)即時通訊軟體(例如:LINE Today、WeChat微信)【與K1答(90)者互斥】,review,
paragraph,976,G8,show,,"不顯示選項編號,選項(01)-(16)隨機出現","選項編號,選項(01)-(16)隨機出現","G8‧除了電視以外,有些人會透過網站、APP,或YouTube頻道來看電視新聞,那你會透過這些管道來看哪些電視台?(可多選) 【訪員讀題完畢後,請將平板轉給受訪者選擇,並由訪員協助點選】【不顯示選項編號,選項(01)-(16)隨機出現】【E1答(01)者,需回答此題】",candidate,
paragraph,976,G8,condition,,"E1答(01)者,需回答此題",,"G8‧除了電視以外,有些人會透過網站、APP,或YouTube頻道來看電視新聞,那你會透過這些管道來看哪些電視台?(可多選) 【訪員讀題完畢後,請將平板轉給受訪者選擇,並由訪員協助點選】【不顯示選項編號,選項(01)-(16)隨機出現】【E1答(01)者,需回答此題】",review,
paragraph,1000,G9,show,,"不顯示選項編號,選項(01)-(13)隨機出現","選項編號,選項(01)-(13)隨機出現","G9‧那請問您經常透過哪一些電子報網站,或APP來看網路新聞?(可多選) 【訪員讀題完畢後,請將平板轉給受訪者選擇,並由訪員協助點選】【不顯示選項編號,選項(01)-(13)隨機出現】【E1答(01)者,需回答此題】",candidate,
paragraph,1000,G9,condition,,"E1答(01)者,需回答此題",,"G9‧那請問您經常透過哪一些電子報網站,或APP來看網路新聞?(可多選) 【訪員讀題完畢後,請將平板轉給受訪者選擇,並由訪員協助點選】【不顯示選項編號,選項(01)-(13)隨機出現】【E1答(01)者,需回答此題】",review,
paragraph,1020,G10,show,,"不顯示選項編號,選項(01)-(19)隨機出現","選項編號,選項(01)-(19)隨機出現","G10‧那請問您經常透過哪一些獨立媒體及通訊社網站,或APP來看網路新聞?(可多選) 【訪員讀題完畢後,請將平板轉給受訪者選擇,並由訪員協助點選】【不顯示選項編號,選項(01)-(19)隨機出現】【E1答(01)者,需回答此題】",candidate,
paragraph,1020,G10,condition,,"E1答(01)者,需回答此題",,"G10‧那請問您經常透過哪一些獨立媒體及通訊社網站,或APP來看網路新聞?(可多選) 【訪員讀題完畢後,請將平板轉給受訪者選擇,並由訪員協助點選】【不顯示選項編號,選項(01)-(19)隨機出現】【E1答(01)者,需回答此題】",review,
paragraph,1044,G11,show,,"不顯示選項編號,選項(01)-(05)隨機出現","選項編號,選項(01)-(05)隨機出現","G11‧那再請問您經常透過哪一些國際媒體的網站,或APP來看網路新聞?(可多選) 【訪員讀題完畢後,請將平板轉給受訪者選擇,並由訪員協助點選】【不顯示選項編號,選項(01)-(05)隨機出現】【E1答(01)者,需回答此題】",candidate,
paragraph,1044,G11,condition,,"E1答(01)者,需回答此題",,"G11‧那再請問您經常透過哪一些國際媒體的網站,或APP來看網路新聞?(可多選) 【訪員讀題完畢後,請將平板轉給受訪者選擇,並由訪員協助點選】【不顯示選項編號,選項(01)-(05)隨機出現】【E1答(01)者,需回答此題】",review,
paragraph,1056,G4,condition,,"G7或G8或G9或G10或G11答(01)-(88)者,需答此題",,"G4‧請問您每週平均有幾天會上網看新聞?【數值題,可輸入小數點,範圍為0.5、1、1.5、2、2.5、3、3.5、4、4.5、5、5.5、6、6.5、7、95、97、98】【G7或G8或G9或G10或G11答(01)-(88)者,需答此題】",review,
paragraph,1072,G5,condition,,"G7或G8或G9或G10或G11答(01)-(88)者,需答此題",,"G5‧在您有上網看新聞的那一天,您一整天大概會看多久?【數值題,範圍:0001-2359、9797、9898】【G7或G8或G9或G10或G11答(01)-(88)者,需答此題】",review,
paragraph,1099,B2,condition,,"B1答0者,不需回答此題",,"B2‧在您有看電視的星期一到星期五,您一整天大概會看多久?【數值題,範圍:0001-2359、9797、9898】【B1答0者,不需回答此題】",review,
paragraph,1123,B4,condition,,"B3答0者,不需回答此題",,"B4‧請問星期六和星期日有看電視的那一天,您一整天大概會看多久?【數值題,範圍:0001-2359、9797、9898】【B3答0者,不需回答此題】",review,
paragraph,1140,B5,condition,95,"B1及B3皆答0者,不需答此題",,"95、97、98】【B1及B3皆答0者,不需答此題】",review,
paragraph,1153,CKB5,show,,B1+B3+1<B5顯示此題,此題,CKB5‧【檢查題】【B1+B3+1<B5顯示此題】,candidate,
paragraph,1154,CKB5,condition,,貼B5答案,,"受訪者一週當中看【貼B5答案】天的電視新聞(B5),",review,
paragraph,1155,CKB5,condition,,貼B1答案,,超過星期一到星期五看【貼B1答案】天+星期六和星期日看【貼B3答案】天(B3)電視的總和。,review,
paragraph,1155,CKB5,condition,,貼B3答案,,超過星期一到星期五看【貼B1答案】天+星期六和星期日看【貼B3答案】天(B3)電視的總和。,review,
paragraph,1165,B6,condition,,"B5答0者,不需答此題",,"B6‧在您有看電視新聞的那一天,您一整天大概會看多久?【數值題,範圍:0001-2359、9797、9898】【B5答0者,不需答此題】",review,
paragraph,1180,B7,condition,,"B5答0者,不需答此題",,"B7a‧請問您經常看哪幾台電視新聞?(可多選)(卡20)【B5答0者,不需答此題】",review,
paragraph,1245,B7,show,,"B7a回答(01)-(88)超過2個選項時顯示,並只能選B7a選填的答案",",並只能選B7a選填的答案","B7‧那請問您最常看其中的哪一台電視新聞?(卡20)【B7a回答(01)-(88)超過2個選項時顯示,並只能選B7a選填的答案】【B7a只選1個選項,不需回答此題】",candidate,
paragraph,1245,B7,condition,,"B7a只選1個選項,不需回答此題",,"B7‧那請問您最常看其中的哪一台電視新聞?(卡20)【B7a回答(01)-(88)超過2個選項時顯示,並只能選B7a選填的答案】【B7a只選1個選項,不需回答此題】",review,
paragraph,1312,B8,condition,,"B1及B3皆答0者,不需答此題",,"B8‧最近一個月您經常看下列哪幾種類型的電視節目?(可多選)(卡21)【B1及B3皆答0者,不需答此題】",review,
paragraph,1317,B8,condition,,"B5答0者,與此選項互斥",,"□ (01)新聞類(例如:社會新聞、即時新聞、氣象、體育新聞、國際新聞、政治新聞、交通資訊、專題報導)【B5答0者,與此選項互斥】【資料處理:B5答0.5~7天,選項(01)必選】",review,
paragraph,1317,B8,condition,,"資料處理:B5答0.5~7天,選項(01)必選",,"□ (01)新聞類(例如:社會新聞、即時新聞、氣象、體育新聞、國際新聞、政治新聞、交通資訊、專題報導)【B5答0者,與此選項互斥】【資料處理:B5答0.5~7天,選項(01)必選】",review,
paragraph,1346,I2,condition,,"I1答0者,不需回答此題",,"I2‧在您有看戲劇節目的星期一到星期五,您一整天大概會看多久?【數值題,範圍:0001-2359、9797、9898】【I1答0者,不需回答此題】",review,
paragraph,1371,I4,condition,,"I3答0者,不需回答此題",,"I4‧星期六和星期日有看戲劇節目的那一天,您一整天大概會看多久?【數值題,範圍:0001-2359、9797、9898】【I3答0者,不需回答此題】",review,
paragraph,1381,CKI4,condition,,"B8答(03)或(06),且I1與I3皆為0者,需回答此題",,"【檢查題】CKI4.請向受訪者說明:【B8答(03)或(06),且I1與I3皆為0者,需回答此題】",review,
paragraph,1392,G1,condition,,"A09答(01)者,不需回答此題",,"G1‧請問您每週平均有幾天會看紙本報紙?【數值題,可輸入小數點,範圍為0、0.5、1、1.5、2、2.5、3、3.5、4、4.5、5、5.5、6、6.5、7、95、97、98】【A09答(01)者,不需回答此題】",review,
paragraph,1406,G2,condition,,"A09答(01)者,或G1答0者,不需回答此題",,"G2‧在您有看紙本報紙的那一天,您一整天大概會看多久?【數值題,範圍:0001-2359、9797、9898】【A09答(01)者,或G1答0者,不需回答此題】",review,
paragraph,1419,G3,condition,,"A09答(01)者,或G1答0者,不需回答此題",,"G3‧請問您經常看哪幾份紙本報紙?(可多選) (卡22) 【A09答(01)者,或G1答0者,不需回答此題】",review,
paragraph,1457,F0,condition,,"A09答(01)者,不需回答此題",,"F0‧請問您每個月是否會看紙本雜誌或網路雜誌?【A09答(01)者,不需回答此題】",review,
paragraph,1462,F0,condition,,"E1答(02)、(97)、(98)者,選項互斥",,"□ (02)網路雜誌【E1答(02)、(97)、(98)者,選項互斥】",review,
paragraph,1463,F0,condition,,"E1答(02)、(97)、(98)者,選項互斥",,"□ (89)都有看【E1答(02)、(97)、(98)者,選項互斥】",review,
paragraph,1469,F1,condition,,"F0答(01)或(89)者,需答此題",,"F1‧請問您每個月平均有幾天會看紙本雜誌(網路雜誌不算)?【數值題,可輸入小數點,範圍為0.5、1、1.5、...、30、30.5、31、95、97、98】【F0答(01)或(89)者,需答此題】",review,
paragraph,1484,F2,condition,,"F0答(01)或(89)者,需答此題",,"F2‧在您有看紙本雜誌(網路雜誌不算)的那一天,您一整天大概會看多久?【數值題,範圍:0001-2359、9797、9898】【F0答(01)或(89)者,需答此題】",review,
paragraph,1499,F3,condition,,"F0答(02)或(89)者,需答此題",,"F3‧請問您每個月平均有幾天會在網路上看雜誌?【數值題,可輸入小數點,範圍為0.5、1、1.5、...、30、30.5、31、95、97、98】【F0答(02)或(89)者,需答此題】",review,
paragraph,1512,F4,condition,,"F0答(02)或(89)者,需答此題",,"F4‧在您有看網路雜誌的那一天,您一整天大概會看多久?【數值題,範圍:0001-2359、9797、9898】【F0答(02)或(89)者,需答此題】",review,
paragraph,1525,F5,condition,,"F0答(90)、(97)、(98)者,不需回答此題",,"F5‧您看雜誌(包含紙本和網路雜誌)時,經常看下列哪幾種內容?(可多選) (卡23) 【F0答(90)、(97)、(98)者,不需回答此題】",review,
paragraph,1557,C2,condition,,"C1答0者,不需回答此題",,"C2‧在您有聽廣播的那一天,您一整天大概會聽多久?【數值題,範圍:0001-2359、9797、9898】【C1答0者,不需回答此題】",review,
paragraph,1570,C3,condition,,"C1答0者,不需回答此題",,"C3‧您聽廣播時經常聽或經常聽到以下哪幾種類型的節目?(可多選) (卡24)【C1答0者,不需回答此題】",review,
paragraph,1597,J4_2,condition,,"A9答(01)者,不需回答此題",,"J4_2‧報紙(紙本)新聞可信度有幾分?_______分  □ (997)不知道□ (998)拒答【A9答(01)者,不需回答此題】",review,
paragraph,1607,J4_4,condition,,"A9答(01)者,不需回答此題",,"J4_4‧雜誌(紙本)新聞可信度有幾分?_______分  □ (997)不知道 □ (998)拒答【A9答(01)者,不需回答此題】",review,
paragraph,1612,J4_5,condition,,"E1答(01)者,需回答此題",,"J4_5‧網路新聞可信度有幾分?_______分  □ (997)不知道 □ (998)拒答 【E1答(01)者,需回答此題】",review,
paragraph,1618,JB1,condition,,"B5答0者,不需答此題",,"JB1‧請問您認為目前臺灣電視新聞節目有下列哪些不好的地方,需要解決?(可多選)(卡26) 【B5答0者,不需答此題】",review,
paragraph,1639,JB2,condition,,"E1答(01)者,需回答此題",,"JB2‧那請問您認為目前台灣網路內容有哪些不好的地方,需要解決?(可多選)(卡27)【E1答(01)者,需回答此題】",review,
paragraph,1670,H2,condition,,"H1答(997)或(998)者,需回答此題",,"H2‧那比較接近下面哪個答案?【H1答(997)或(998)者,需回答此題】",review,
paragraph,1681,H3,condition,,"H1答0者,或H2答(01)者,不需回答此題",,"H3‧那這些與您「面對面」接觸且認識的人裡面,大概有多少跟您很熟?(卡28)【H1答0者,或H2答(01)者,不需回答此題】",review,
paragraph,1691,H4,condition,,"E1答(01)者,需回答此題",,"H4‧請問您平常一天會固定「透過網路」接觸且認識的人有幾位?例如在臉書(Facebook)、LINE、線上遊戲平台互相傳訊息或貼圖,叫得出名字或暱稱才算。【數值題,範圍為0-990、991、997、998】【E1答(01)者,需回答此題】",review,
paragraph,1703,H5,condition,,"H4答(997)或(998)者,才需回答此題",,"H5‧那比較接近下面哪個答案?【H4答(997)或(998)者,才需回答此題】",review,
paragraph,1714,H6,condition,,"H4答0者,或H5答(01)者,不需回答此題",,"H6‧請問這些「透過網路」接觸且認識的人裡面,大概有多少跟您很熟?(卡28)【H4答0者,或H5答(01)者,不需回答此題】",review,
paragraph,1724,H7,condition,,"H1未答0、(997)、(998),且H4未答0、(997)、(998),需答此題",,"H7‧您平常一天會固定面對面接觸且認識的人有【貼題H1】人,會透過網路(例如:LINE)接觸且認識的人有【貼題H4】人,請問這兩群人中您會面對面同時也會透過網路接觸且認識的人有幾位?【數值題,範圍為0-990、991、997、998】【H1未答0、(997)、(998),且H4未答0、(997)、(998),需答此題】",review,
paragraph,1733,H7_1,condition,,"H1未答0、(997)、(998),且H5未答(01)、(97)、(98)者,需答此題",,"H7_1‧您平常一天會固定面對面接觸且認識的人有【貼題H1】人,會透過網路(例如:LINE)接觸且認識的人有【貼題H5】人,請問這兩群人中您會面對面同時也會透過網路接觸且認識的人有幾位?【數值題,範圍為0-990、991、997、998】【H1未答0、(997)、(998),且H5未答(01)、(97)、(98)者,需答此題】",review,
paragraph,1742,H7_2,condition,,"H2未答(01)、(97)、(98),且H4未答0、(997)、(998),需答此題",,"H7_2‧您平常一天會固定面對面接觸且認識的人有【貼題H2】人,會透過網路(例如:LINE)接觸且認識的人有【貼題H4】人,請問這兩群人中您會面對面同時也會透過網路接觸且認識的人有幾位?【數值題,範圍為0-990、991、997、998】【H2未答(01)、(97)、(98),且H4未答0、(997)、(998),需答此題】",review,
paragraph,1752,H7_3,condition,,"H2未答(01)、(97)、(98),且H5未答(01)、(97)、(98)者,需答此題",,"H7_3‧您平常一天會固定面對面接觸且認識的人有【貼題H2】人,會透過網路(例如:LINE)接觸且認識的人有【貼題H5】人,請問這兩群人中您會面對面同時也會透過網路接觸且認識的人有幾位?【數值題,範圍為0-990、991、997、998】【H2未答(01)、(97)、(98),且H5未答(01)、(97)、(98)者,需答此題】",review,
paragraph,1760,CKH7,show,,"H7填答人數超過H1或H4填答人數,顯示並設定顯示時間",並設定顯示時間,"CKH7‧檢查題(顯示題)
【H7填答人數超過H1或H4填答人數,顯示並設定顯示時間】",candidate,
paragraph,1762,CKH7,condition,,貼H7答案,,"受訪者會面對面同時也會透過網路接觸且認識的有【貼H7答案】人,不應超過之前答平常一天會固定面對面接觸且認識的【貼題H1】人,也不應超過透過網路接觸且認識的【貼題H4】人,請按「上一題」再確認會面對面同時也會透過網路接觸且認識的人數。",review,
paragraph,1764,CKH7_1,show,,"H7_1填答人數超過H1或H5填答人數,顯示並設定顯示時間",並設定顯示時間,"CKH7_1‧檢查題(顯示題)
【H7_1填答人數超過H1或H5填答人數,顯示並設定顯示時間】",candidate,
paragraph,1766,CKH7_1,condition,,貼H7_1答案,,"受訪者會面對面同時也會透過網路接觸且認識的有【貼H7_1答案】人,不應超過之前答平常一天會固定面對面接觸且認識的【貼題H1】人,也不應超過透過網路接觸且認識的【貼題H5】人,請按「上一題」再確認會面對面同時也會透過網路接觸且認識的人數。",review,
paragraph,1768,CKH7_2,show,,"H7_2填答人數超過H2或H4填答人數,顯示並設定顯示時間",並設定顯示時間,"CKH7_2‧檢查題(顯示題)
【H7_2填答人數超過H2或H4填答人數,顯示並設定顯示時間】",candidate,
paragraph,1770,CKH7_2,condition,,貼H7_2答案,,"受訪者會面對面同時也會透過網路接觸且認識的有【貼H7_2答案】人,不應超過之前答平常一天會固定面對面接觸且認識的【貼題H2】人,也不應超過透過網路接觸且認識的【貼題H4】人,請按「上一題」再確認會面對面同時也會透過網路接觸且認識的人數。",review,
paragraph,1772,CKH7_3,show,,"H7_3填答人數超過H2或H5填答人數,顯示並設定顯示時間",並設定顯示時間,"CKH7_3‧檢查題(顯示題)
【H7_3填答人數超過H2或H5填答人數,顯示並設定顯示時間】",candidate,
paragraph,1774,CKH7_3,condition,,貼H7_3答案,,"受訪者會面對面同時也會透過網路接觸且認識的有【貼H7_3答案】人,不應超過之前答平常一天會固定面對面接觸且認識的【貼題H2】人,也不應超過透過網路接觸且認識的【貼題H5】人,請按「上一題」再確認會面對面同時也會透過網路接觸且認識的人數。",review,
paragraph,1800,M2,condition,,"M1答0者,不需回答此題",,"M2‧請問您常常在玩的遊戲類型(包含App遊戲)有哪幾種呢?(可多選)(卡29)【M1答0者,不需回答此題】",review,
paragraph,1822,M3,show,,"不顯示選項編號,選項(01)-(13)隨機出現","選項編號,選項(01)-(13)隨機出現","M3‧請問您玩電玩遊戲的主要原因或動機是什麼呢?(可多選)【訪員讀題完畢後,請將平板轉給受訪者選擇,並由訪員協助點選】【不顯示選項編號,選項(01)-(13)隨機出現】【M1答0者,不需回答此題】",candidate,
paragraph,1822,M3,condition,,"M1答0者,不需回答此題",,"M3‧請問您玩電玩遊戲的主要原因或動機是什麼呢?(可多選)【訪員讀題完畢後,請將平板轉給受訪者選擇,並由訪員協助點選】【不顯示選項編號,選項(01)-(13)隨機出現】【M1答0者,不需回答此題】",review,
paragraph,1841,M4,condition,,"M1答0者,不需回答此題",,"M4-M6‧當您在玩電玩遊戲的時候,請問您同不同意接下來的一些說法?(卡30)【M4至M6請用群組題方式排版】【M1答0者,不需回答此題】",review,
paragraph,1883,N24,condition,,"O1答(01)-(05)、(88)者,需回答此題",,"N24‧整體而言,您對於您的工作滿不滿意?(卡33) 【O1答(01)-(05)、(88)者,需回答此題】",review,
paragraph,2006,Q1,condition,,"G1回答0者,不需回答此題",,"Q1. 最近一個月,請問您有多常透過報紙獲得政治或公共事務的訊息呢? (卡40)【G1回答0者,不需回答此題】【A9答(01)不識字者不需回答此題】",review,
paragraph,2006,Q1,condition,,A9答(01)不識字者不需回答此題,,"Q1. 最近一個月,請問您有多常透過報紙獲得政治或公共事務的訊息呢? (卡40)【G1回答0者,不需回答此題】【A9答(01)不識字者不需回答此題】",review,
paragraph,2014,Q2,condition,,"F0回答90者,不需回答此題",,"Q2. 最近一個月,請問您有多常透過雜誌獲得政治或公共事務的訊息呢?(卡40)【F0回答90者,不需回答此題】【A9答(01)不識字者不需回答此題】",review,
paragraph,2014,Q2,condition,,A9答(01)不識字者不需回答此題,,"Q2. 最近一個月,請問您有多常透過雜誌獲得政治或公共事務的訊息呢?(卡40)【F0回答90者,不需回答此題】【A9答(01)不識字者不需回答此題】",review,
paragraph,2022,Q3,condition,,"C1回答0者,不需回答此題",,"Q3. 最近一個月,請問您有多常透過廣播獲得政治或公共事務的訊息呢? (卡40)【C1回答0者,不需回答此題】",review,
paragraph,2024,Q3,condition,,"C3答(08)者,選項互斥",,"□(01) 從來沒有【C3答(08)者,選項互斥】",review,
paragraph,2031,Q4,condition,,"B1及B3皆回答0者,不需回答此題",,"Q4. 最近一個月,請問您有多常透過電視獲得政治或公共事務的訊息呢?(卡40)【B1及B3皆回答0者,不需回答此題】",review,
paragraph,2033,Q4,condition,,"B8答(08)者,選項互斥",,"□(01) 從來沒有【B8答(08)者,選項互斥】",review,
paragraph,2039,Q5,condition,,"E1答(01)者,需回答此題",,"Q5. 請問您有沒有透過網路接觸到(包括:觀看、瀏覽、點閱或蒐尋)和「政治或公共事務」有關的新聞、訊息或影片?【E1答(01)者,需回答此題】",review,
paragraph,2047,Q6,condition,,"Q5答(02)、(97)、(98)者,或K2答(90)者,不需答此題",,"社群媒體(如:Threads、臉書Facebook、Instagram、抖音TikTok等)?(卡41)【Q5答(02)、(97)、(98)者,或K2答(90)者,不需答此題】【不須答此題】",review,
paragraph,2047,Q6,condition,,不須答此題,,"社群媒體(如:Threads、臉書Facebook、Instagram、抖音TikTok等)?(卡41)【Q5答(02)、(97)、(98)者,或K2答(90)者,不需答此題】【不須答此題】",review,
paragraph,2057,Q7,condition,,"Q5答(02)、(97)、(98)者,或K3答(90)者,不需答此題",,"影音平台(如:YouTube)?(卡41)【Q5答(02)、(97)、(98)者,或K3答(90)者,不需答此題】",review,
paragraph,2066,Q8,condition,,"Q5答(02)、(97)、(98)者,或K1答(90)者,不需答此題",,"通訊軟體(如:LINE、FB messenger)?(卡41)【Q5答(02)、(97)、(98)者,或K1答(90)者,不需答此題】",review,
paragraph,2077,Q9,condition,,"Q5答(02)、(97)、(98)者,或G7和G8和G9和G10和G11皆答(90),不需答此題",,"新聞網站(如:ETtoday新聞雲、聯合新聞網等)?(卡41)【Q5答(02)、(97)、(98)者,或G7和G8和G9和G10和G11皆答(90),不需答此題】",review,
paragraph,2084,Q10,condition,,"E1答(01)者,需回答此題",,"Q10. 請問您有沒有透過網路轉貼、轉寄或分享和「政治或公共事務」有關的新聞、訊息或影片?【E1答(01)者,需回答此題】",review,
paragraph,2090,CKQ10,condition,,"Q5答(02)者,且Q10答(01)者,需回答此題",,"【檢查題】CKQ10.請向受訪者說明:【Q5答(02)者,且Q10答(01)者,需回答此題】",review,
paragraph,2100,Q11,condition,,"Q10答(02)、(97)、(98)者,或K2答(90)者,或Q6答(01)者,不需答此題",,"社群媒體(如:Threads、臉書Facebook、Instagram、抖音TikTok等)?(卡41)【Q10答(02)、(97)、(98)者,或K2答(90)者,或Q6答(01)者,不需答此題】",review,
paragraph,2110,Q12,condition,,"Q10答(02)、(97)、(98)者,或K3答(90)者,或Q7答(01)者,不需答此題",,"影音平台(如:YouTube)?(卡41)【Q10答(02)、(97)、(98)者,或K3答(90)者,或Q7答(01)者,不需答此題】",review,
paragraph,2119,Q13,condition,,"Q10答(02)、(97)、(98)者,或K1答(90)者,或Q8答(01)者,不需答此題",,"通訊軟體(如:LINE、FB messenger)?(卡41)【Q10答(02)、(97)、(98)者,或K1答(90)者,或Q8答(01)者,不需答此題】",review,
paragraph,2128,Q14,condition,,"Q10答(02)、(97)、(98)者,或G7和G8和G9和G10和G11皆答(90),或Q9答(01)者,不需答此題",,"Q14.請問您多常透過下列網路平台轉貼、轉寄或分享和「政治或公共事務」有關的新聞、訊息或影片? 新聞網站(如:ETtoday新聞雲、聯合新聞網等)?(卡41)【Q10答(02)、(97)、(98)者,或G7和G8和G9和G10和G11皆答(90),或Q9答(01)者,不需答此題】",review,
paragraph,2135,Q15,condition,,"E1答(01)者,需回答此題",,"Q15. 請問您有沒有透過網路發布或發表「政治或公共事務」相關的訊息(包含製作影片或評論新聞)?【E1答(01)者,需回答此題】",review,
paragraph,2142,Q16,condition,,"Q15答(02)、(97)、(98)者,或K2答(90)者,不需答此題",,"社群媒體(如:Threads、臉書Facebook、Instagram、抖音TikTok等)?(卡41)【Q15答(02)、(97)、(98)者,或K2答(90)者,不需答此題】",review,
paragraph,2152,Q17,condition,,"Q15答(02)、(97)、(98)者,或K3答(90)者,不需答此題",,"影音平台(如:YouTube)?(卡41)【Q15答(02)、(97)、(98)者,或K3答(90)者,不需答此題】",review,
paragraph,2161,Q18,condition,,"Q15答(02)、(97)、(98)者,或K1答(90)者,不需答此題",,"通訊軟體(如:LINE、FB messenger)?(卡41)【Q15答(02)、(97)、(98)者,或K1答(90)者,不需答此題】",review,
paragraph,2170,Q19,condition,,"Q15答(02)、(97)、(98)者,或G7和G8和G9和G10和G11皆答(90),不需答此題",,"Q19.請問您多常透過下列網路平台發「政治或公共事務」相關的訊息(包含製作影片或評論新聞)?新聞網站(如:ETtoday新聞雲、聯合新聞網等)?(卡41)【Q15答(02)、(97)、(98)者,或G7和G8和G9和G10和G11皆答(90),不需答此題】",review,
paragraph,2178,Q20,condition,,"B1答0,且B3答0,且E1答(02)者,與選項(01)互斥",,"□(01)談話性政論節目(不論是從電視或YouTube上觀看都算)【B1答0,且B3答0,且E1答(02)者,與選項(01)互斥】",review,
paragraph,2179,Q20,condition,,"E1答(02)者,與選項(02)互斥",,"□(02)政治人物(是指透過他們YouTube頻道、臉書粉專、IG帳號上的貼文、直播和預錄影片)【E1答(02)者,與選項(02)互斥】",review,
paragraph,2180,Q20,condition,,"E1答(02)者,與選項(03)互斥",,"□(03)網紅或公眾人物影片(是指從他們YouTube頻道、臉書粉專、IG帳號、直播與直播結束後的留存影片都算)【E1答(02)者,與選項(03)互斥】",review,
paragraph,2181,Q20,condition,,"E1答(02)者,與選項(04)互斥",,"□(04)播客(Podcast)的節目【E1答(02)者,與選項(04)互斥】",review,
paragraph,2182,Q20,condition,,"E1答(02)者,與選項(05)互斥",,"□(05)論壇的文章或留言(例如:PTT或Dcard)【E1答(02)者,與選項(05)互斥】",review,
paragraph,2189,CKQ20A,condition,,"Q5答(02)者,且Q20答(02)~(05)者,需回答此題",,"【檢查題】CKQ20A.請向受訪者說明:【Q5答(02)者,且Q20答(02)~(05)者,需回答此題】",review,
paragraph,2197,CKQ20B,condition,,"Q5答(02)者,且Q20答(01)者,且B1答0,且B3答0者,需回答此題",,"【檢查題】CKQ20B.請向受訪者說明:【Q5答(02)者,且Q20答(01)者,且B1答0,且B3答0者,需回答此題】",review,
paragraph,2204,Q24,condition,,"Q20答(01)者,需回答此題",,"Q24 請問您每星期大約會看幾個小時的「談話性政論節目」(不論是從電視或YouTube上觀看都算)?【Q20答(01)者,需回答此題】【數值題,小時範圍:0-140、997、998;分鐘範圍:0-59、97、98】",review,
paragraph,2211,CKQ24,show,,Q24填答0時0分顯示並設定顯示時間,並設定顯示時間,"CKQ24 檢查題(顯示題)【Q24填答0時0分顯示並設定顯示時間】
【請注意】",candidate,
paragraph,2215,Q25,condition,,"Q20答(01)者,需回答此題",,"Q25 請問您最常透過哪些談話性政論節目獲得政治或公共事務相關訊息?(可多選)【Q20答(01)者,需回答此題】 (卡43)",review,
paragraph,2218,Q21,condition,,"Q20答(02)或(03)者,需回答此題",,"Q21 請問您每星期大約會看幾個小時的「政治人物或政治網紅影片」(不論是從YouTube、臉書、IG都算,包括直播與直播結束後的留存影片)?【Q20答(02)或(03)者,需回答此題】【數值題,小時範圍:0-140、997、998;分鐘範圍:0-59、97、98】",review,
paragraph,2227,CKQ21,show,,Q21填答0時0分顯示並設定顯示時間,並設定顯示時間,CKQ21檢查題(顯示題)【Q21填答0時0分顯示並設定顯示時間】,candidate,
paragraph,2233,Q22,condition,,"Q20答(02)者,需回答此題",,"Q22 在以下經常談論政治或公共事務的政治人物中,請問您最常觀看誰的影片或貼文?(是指透過政治人物YouTube頻道、臉書粉專、IG帳號上的貼文、直播和預錄影片)(可多選) 【Q20答(02)者,需回答此題】(卡44)",review,
paragraph,2234,Q23,condition,,"Q20答(03)者,需回答此題",,"Q23在以下經常談論政治或公共事務的網紅或公眾人物中,請問您最常觀看誰的影片?(可多選) (卡45)【Q20答(03)者,需回答此題】",review,
paragraph,2236,Q26A,condition,,"Q20答(04)者,需回答此題",,"Q26A請問您每星期大約會聽幾個小時和「政治或公共事務」有關的播客(Podcast)?【Q20答(04)者,需回答此題】【數值題,小時範圍:0-140、997、998;分鐘範圍:0-59、97、98】",review,
paragraph,2242,CKQ26A,show,,Q26A填答0時0分顯示並設定顯示時間,並設定顯示時間,"CKQ26A檢查題(顯示題)【Q26A填答0時0分顯示並設定顯示時間】
【請注意】",candidate,
paragraph,2246,Q26,condition,,"Q20答(04)者,需回答此題",,"Q26除了新聞,您最常透過哪些播客(Podcast)節目獲得政治或公共事務相關資訊?(可多選)(卡46)【Q20答(04)者,需回答此題】",review,
paragraph,2248,Q27,condition,,"Q1、Q2、Q3、Q4答(01),且Q5、Q10、Q15答(02),且Q20回答(90)者,不需回答此題",,"Q27請問您想要獲得政治或公共事務相關訊息的原因是什麼?(可多選)(卡47)【Q1、Q2、Q3、Q4答(01),且Q5、Q10、Q15答(02),且Q20回答(90)者,不需回答此題】",review,
paragraph,2262,P3_4,condition,,"E1答(01)者,需答此題",,"【譚躍委員】P3_4‧您多常在網路上看到或聽到和您立場不同的政治觀點?【E1答(01)者,需答此題】(卡48)",review,
paragraph,2268,CKP3_4,condition,,"Q5答(02)者,且P3_4答(02)~(04)者,需回答此題",,"【檢查題】CKP3_4.請向受訪者說明:【Q5答(02)者,且P3_4答(02)~(04)者,需回答此題】",review,
paragraph,2278,P3_5,condition,,"K2答(90)、(97)、(98)者,或Q5答(02)者,不需答此題",,"【譚躍委員】P3_5‧您使用【K2貼題】時,多常看到或聽到與您立場不同的政治觀點?【K2答(90)、(97)、(98)者,或Q5答(02)者,不需答此題】(卡48)",review,
paragraph,2285,P3_6,condition,,"Q20答(02)、或(03)者,需回答此題",,"【譚躍委員】P3_6‧您使用意見領袖(例如:政治人物、網紅或公眾人物)的自媒體時,多常看到或聽到與您立場不同的政治觀點?(卡48)【Q20答(02)、或(03)者,需回答此題】",review,
paragraph,2332,Q30,condition,,"E1答(01)者,需回答此題",,"首先針對「網路上」來詢問,請問您最近一年有沒有在網路上做過這些和「政治或公共事務」議題相關的活動?(可多選)(卡50) 【E1答(01)者,需回答此題】",review,
paragraph,2467,Q43,condition,,"受訪者若不是94~96年次者選08,請訪員再確認",,"□(08)當時沒有投票權【受訪者若不是94~96年次者選08,請訪員再確認】【A1答94、95、96者,或A2答(01),只能選此項】",review,
paragraph,2467,Q43,condition,,"A1答94、95、96者,或A2答(01),只能選此項",,"□(08)當時沒有投票權【受訪者若不是94~96年次者選08,請訪員再確認】【A1答94、95、96者,或A2答(01),只能選此項】",review,
paragraph,2472,Q44,condition,,"A1為96者,或A2答(01)者,不需答此題",,"Q44. 今年年底是縣市長選舉,請問如果明天就是投票日,在您戶籍地的縣市長候選人當中,請問您會把票投給哪一黨的候選人?(卡59)【A1為96者,或A2答(01)者,不需答此題】",review,
paragraph,2517,Q50,condition,,"Q49答(02)、(97)、(98),需答此題",,"Q50那相對來說,請問您有沒有稍微偏向支持哪一個政黨?【Q49答(02)、(97)、(98),需答此題】",review,
paragraph,2519,Q51,condition,,"Q49答(01),或Q50答(01),需答此題",,"Q51請問是哪一個政黨?(卡61) 【Q49答(01),或Q50答(01),需答此題】",review,
paragraph,2522,Q52,condition,,"Q51答(01) ~ (88),需答此題",,"Q52請問,您偏向【貼題Q51】這個政黨的程度是很強,普通,還是有一點?【Q51答(01) ~ (88),需答此題】",review,
paragraph,2591,Z2_2,condition,,"D1答(03)者,不需答此題",,"Z2_2‧為了確保這份問卷資料的品質,我們中心可能會進行簡單的電話複查確認是否確實來做了訪問,可否請您將您的手機號碼告訴我們?【D1答(03)者,不需答此題】",review,
paragraph,2604,CKZE1,condition,,"A09選(01)者,或E1選(02)、(97)、(98),需回答此題",,"CKZE1‧受訪者不識字或沒有上網行為,不需詢問後續追蹤訪問。【A09選(01)者,或E1選(02)、(97)、(98),需回答此題】",review,
paragraph,2606,ZE2,condition,,"A09選(01)者,或E1選(02)、(97)、(98),不需回答此題",,"ZE2‧為持續瞭解民眾對傳播媒體、新興媒體及時事議題的看法,未來想繼續邀請您填答我們的網路追蹤問卷。若您現在同意參加,可立即獲得新臺幣100元超商商品卡;未來實際完成問卷填答後,也會另外再贈送超商商品卡做為回饋。您提供的聯絡資料僅供研究聯繫使用,並會依法妥善保管。詳細內容,請參考這份同意書說明。(請訪員拿出追蹤同意書)【A09選(01)者,或E1選(02)、(97)、(98),不需回答此題】(可多選)",review,
paragraph,2609,ZE2,condition,,"D1答(03)者,與選項(02)互斥",,"(01) 願意,提供手機號碼【D1答(03)者,與選項(02)互斥】【續答ZE2_2】",review,
paragraph,2609,ZE2,condition,,續答ZE2_2,,"(01) 願意,提供手機號碼【D1答(03)者,與選項(02)互斥】【續答ZE2_2】",review,
paragraph,2610,ZE2,condition,,續答ZE2_3,,"(02) 願意,提供Email【續答ZE2_3】",review,
paragraph,2617,ZE2_1,condition,,"ZE2答(01)或(02),需答此題",,"___________【ZE2答(01)或(02),需答此題】",review,
paragraph,2622,ZE2_2,condition,,"ZE2答(01),需答此題",,"ZE2_2‧請問您的手機號碼?(請訪員唸出同意書上號碼,確認無誤後鍵入以下欄位)___________【ZE2答(01),需答此題】",review,
paragraph,2624,ZE2_3,condition,,"ZE2答(02),需答此題",,"ZE2_3‧請問您的Email?(請訪員唸出同意書上email,確認無誤後鍵入以下欄位) ___________【ZE2答(02),需答此題】",review,
table15.r5.c3,5,,condition,,E1答(02)者選項互斥,,□(27)大新聞大爆卦(馬千惠)* / 【E1答(02)者選項互斥】,review,Table question context is unresolved; do not infer it from the preceding paragraph.
table15.r6.c3,6,,condition,,E1答(02)者選項互斥,,□(28)頭條開講(周玉琴)* / 【E1答(02)者選項互斥】,review,Table question context is unresolved; do not infer it from the preceding paragraph.
table15.r7.c3,7,,condition,,E1答(02)者選項互斥,,□(29)國際直球對決(林嘉源)* / 【E1答(02)者選項互斥】,review,Table question context is unresolved; do not infer it from the preceding paragraph.
table15.r8.c3,8,,condition,,E1答(02)者選項互斥,,□(30)前進戰略高地(許甫)* / 【E1答(02)者選項互斥】,review,Table question context is unresolved; do not infer it from the preceding paragraph.
table15.r9.c3,9,,condition,,E1答(02)者選項互斥,,□(31)週末大爆卦(李珮瑄)* / 【E1答(02)者選項互斥】,review,Table question context is unresolved; do not infer it from the preceding paragraph.
