var,qid,status,reason,existing_r1,existing_r2,existing_r3,existing_r4,proposed_r1,proposed_r2,proposed_r3,proposed_r4,source,question_excerpt
vA1,A1,mismatch,existing r1-r4 differ from proposal,"1,96",997,998,,997,998,,,option code span including table,"A1‧請問您是民國哪一年出生的?(出生年以身分證上的為主) 訪員注意:若不知道出生年,請依生肖及現在大約幾歲,再由提示卡70生肖表查詢出生年。 民國______年【數值題,範圍1-96】 □ (997)不知道 □ (998)拒答"
vA2,A2,range_match_special_diff,r1 matches; r2-r4 differ,"1,12",997,998,97,"1,12",97,98,997,option code span including table,"A2‧請問您今年大概幾歲?【A1答(997)或(998)者,才需回答此題】 □ (01)18歲~19歲 □ (02)20歲~24歲 □ (03)25歲~29歲 □ (04)30歲~34歲 □ (05)35歲~39歲 □ (06)40歲~44歲 □ (07)45歲~49歲 □ (08)50歲~54歲 □ (09)55歲~59歲 □ (10)60歲~64歲 □ (11)65歲~69歲 □ (12)70歲及以上 □ (97)不知道 □ (98)拒答"
vD2,D2,mismatch,existing r1-r4 differ from proposal,"0.5,7",95,97,98,95,97,98,,option code span including table,"D2‧請問您每週平均有幾天會使用手機?【數值題,可輸入小數點,範圍為0.5、1、1.5、2、2.5、3、3.5、4、4.5、5、5.5、6、6.5、7、95、97、98】【D1答(01)、(02)者,需回答此題】 訪員注意: 1.本題為數值題,若為區間請取「中間值」,例如:3~4天,請填入「3.5」天。 2.答案無法填答時(例如:一個月只使用1天)或每週平均用不到0.5天,請填入「95」。 ________天 □ (95)平均不到0.5天 □ (97)不知道 □ (98)拒答"
vD4sD4,D4,mismatch,existing r1-r4 differ from proposal,"1,2",,,,"1,4",97,98,,option code span including table,"D4-D8.請問下面這些事情多常發生在您身上?(卡6)【D1答(01)、(02)者,需回答此題】 從來沒有 很少 有時 經常 (97) | 不知道 (98) | 拒答 D4 您多常不知不覺又開始滑手機 1□ 2□ 3□ 4□ □ □ D5 您多常使用完手機後沒多久,又發現自己開始滑手機 1□ 2□ 3□ 4□ □ □ D6 您多常在沒有辦法使用手機時,會很想使用手機 1□ 2□ 3□ 4□ □ □ D7 您多常因為使用手機而耽誤工作、課業或手邊正在做的事情 1□ 2□ 3□ 4□ □ □ D8 您多常覺得自己應該少用手機 1□ 2□ 3□ 4□ □ □"
vD4sD5,D5,mismatch,existing r1-r4 differ from proposal,"1,2",,,,"1,4",97,98,,option code span including table,"D4-D8.請問下面這些事情多常發生在您身上?(卡6)【D1答(01)、(02)者,需回答此題】 從來沒有 很少 有時 經常 (97) | 不知道 (98) | 拒答 D4 您多常不知不覺又開始滑手機 1□ 2□ 3□ 4□ □ □ D5 您多常使用完手機後沒多久,又發現自己開始滑手機 1□ 2□ 3□ 4□ □ □ D6 您多常在沒有辦法使用手機時,會很想使用手機 1□ 2□ 3□ 4□ □ □ D7 您多常因為使用手機而耽誤工作、課業或手邊正在做的事情 1□ 2□ 3□ 4□ □ □ D8 您多常覺得自己應該少用手機 1□ 2□ 3□ 4□ □ □"
vD4sD6,D6,mismatch,existing r1-r4 differ from proposal,"1,2",,,,"1,4",97,98,,option code span including table,"D4-D8.請問下面這些事情多常發生在您身上?(卡6)【D1答(01)、(02)者,需回答此題】 從來沒有 很少 有時 經常 (97) | 不知道 (98) | 拒答 D4 您多常不知不覺又開始滑手機 1□ 2□ 3□ 4□ □ □ D5 您多常使用完手機後沒多久,又發現自己開始滑手機 1□ 2□ 3□ 4□ □ □ D6 您多常在沒有辦法使用手機時,會很想使用手機 1□ 2□ 3□ 4□ □ □ D7 您多常因為使用手機而耽誤工作、課業或手邊正在做的事情 1□ 2□ 3□ 4□ □ □ D8 您多常覺得自己應該少用手機 1□ 2□ 3□ 4□ □ □"
vD4sD7,D7,mismatch,existing r1-r4 differ from proposal,"1,2",,,,"1,4",97,98,,option code span including table,"D4-D8.請問下面這些事情多常發生在您身上?(卡6)【D1答(01)、(02)者,需回答此題】 從來沒有 很少 有時 經常 (97) | 不知道 (98) | 拒答 D4 您多常不知不覺又開始滑手機 1□ 2□ 3□ 4□ □ □ D5 您多常使用完手機後沒多久,又發現自己開始滑手機 1□ 2□ 3□ 4□ □ □ D6 您多常在沒有辦法使用手機時,會很想使用手機 1□ 2□ 3□ 4□ □ □ D7 您多常因為使用手機而耽誤工作、課業或手邊正在做的事情 1□ 2□ 3□ 4□ □ □ D8 您多常覺得自己應該少用手機 1□ 2□ 3□ 4□ □ □"
vD4sD8,D8,mismatch,existing r1-r4 differ from proposal,"1,2",,,,"1,4",97,98,,option code span including table,"D4-D8.請問下面這些事情多常發生在您身上?(卡6)【D1答(01)、(02)者,需回答此題】 從來沒有 很少 有時 經常 (97) | 不知道 (98) | 拒答 D4 您多常不知不覺又開始滑手機 1□ 2□ 3□ 4□ □ □ D5 您多常使用完手機後沒多久,又發現自己開始滑手機 1□ 2□ 3□ 4□ □ □ D6 您多常在沒有辦法使用手機時,會很想使用手機 1□ 2□ 3□ 4□ □ □ D7 您多常因為使用手機而耽誤工作、課業或手邊正在做的事情 1□ 2□ 3□ 4□ □ □ D8 您多常覺得自己應該少用手機 1□ 2□ 3□ 4□ □ □"
vKLI1,KLI1,mismatch,existing r1-r4 differ from proposal,"0.5,7",95,97,98,95,97,98,,option code span including table,"KLI1‧請問您每週平均有幾天使用LINE?【數值題,可輸入小數點,範圍為0.5、1、1.5、2、2.5、3、3.5、4、4.5、5、5.5、6、6.5、7、95、97、98】【K1答(01)者,或K2答(13)者,才需回答此題】 * 用LINE包含與親友傳訊息、通話、看LINE today新聞、用LINE購物等。 訪員注意: 1.本題為數值題,若為區間請取「中間值」,例如:3~4天,請填入「3.5」天。 2.答案無法填答時(例如:一個月只看1天)或每週平均用不到0.5天,請填入「95」。 ________天 □ (95)每週平均用不到0.5天 □ (97)不知道 □ (98)拒答"
vKFB1,KFB1,mismatch,existing r1-r4 differ from proposal,"0.5,7",95,97,98,95,97,98,,option code span including table,"KFB1‧請問您每週平均有幾天使用臉書(Facebook),包含臉書聊天室(FB Messenger)也算?【數值題,可輸入小數點,範圍為0.5、1、1.5、2、2.5、3、3.5、4、4.5、5、5.5、6、6.5、7、95、97、98】【K1答(02)者,或K2答(01)者,才需回答此題】 訪員注意: 1.本題為數值題,若為區間請取「中間值」,例如:3~4天,請填入「3.5」天。 2.答案無法填答時(例如:一個月只看1天)或每週平均用不到0.5天,請填入「95」。 ________天 □ (95)每週平均用不到0.5天 □ (97)不知道 □ (98)拒答"
vKIG1,KIG1,mismatch,existing r1-r4 differ from proposal,"0.5,7",95,97,98,95,97,98,,option code span including table,"KIG1‧請問您每週平均有幾天使用Instagram(IG)?【數值題,可輸入小數點,範圍為0.5、1、1.5、2、2.5、3、3.5、4、4.5、5、5.5、6、6.5、7、95、97、98】【K1答(03)者,或K2答(02)者,才需回答此題】 訪員注意: 1.本題為數值題,若為區間請取「中間值」,例如:3~4天,請填入「3.5」天。 2.答案無法填答時(例如:一個月只看1天)或每週平均用不到0.5天,請填入「95」。 ________天 □ (95)每週平均用不到0.5天 □ (97)不知道 □ (98)拒答"
vKTT1,KTT1,mismatch,existing r1-r4 differ from proposal,"0.5,7",95,97,98,95,97,98,,option code span including table,"KTT1‧請問您每週平均有幾天使用抖音(TikTok)?【數值題,可輸入小數點,範圍為0.5、1、1.5、2、2.5、3、3.5、4、4.5、5、5.5、6、6.5、7、95、97、98】【K1答(11)者,或K2答(07)者,才需回答此題】 訪員注意: 1.本題為數值題,若為區間請取「中間值」,例如:3~4天,請填入「3.5」天。 2.答案無法填答時(例如:一個月只看1天)或每週平均用不到0.5天,請填入「95」。 ________天 □ (95)每週平均用不到0.5天 □ (97)不知道 □ (98)拒答"
vKYT1,KYT1,mismatch,existing r1-r4 differ from proposal,"0.5,7",95,97,98,95,97,98,,option code span including table,"KYT1‧請問您每週平均有幾天使用YouTube?【數值題,可輸入小數點,範圍為0.5、1、1.5、2、2.5、3、3.5、4、4.5、5、5.5、6、6.5、7、95、97、98】【K3答(01)者,才需回答此題】 * YouTube必須真的在看或在聽才算有在使用,只是當背景音樂不算。 * 若沒有固定使用YouTube(例如:看到喜歡、有興趣的影片才會看),請受訪者回想「最近一週」使用YouTube的天數。 訪員注意: 1.本題為數值題,若為區間請取「中間值」,例如:3~4天,請填入「3.5」天。 2.答案無法填答時(例如:一個月只看1天)或每週平均用不到0.5天,請填入「95」。 ____"
vE1,E1,mismatch,existing r1-r4 differ from proposal,"1,88",97,98,,"1,2",97,98,,option code span including table,"E1‧接下來將詢問關於您最近一個月每週「上網」情況的題目。請問您最近一個月有沒有在使用網路,例如:用LINE、滑臉書(Facebook)、看YouTube等?(卡7、8、16) 訪員注意: 在K1、K2、K3表示有使用即時通訊軟體、社群媒體,或影音平台的受訪者,在本題就是代表有用網路,請訪員讀題確認後,即可直接「選填(01)有」選項。 「上網」是指用電腦、平板或手機連上網路,例如:用LINE、Facebook、用YouTube看影片、瀏覽新聞、查資料、玩線上遊戲等。 □ (01)有【K1或K2或K3答(01)-(88)者,只能選填此選項】 □ (02)沒有□ (97)不知道 □ (98)拒答"
vE4,E4,mismatch,existing r1-r4 differ from proposal,"0.5,7",95,97,98,95,97,98,,option code span including table,"E4‧您先前回答「每週平均有【貼D2答案】天會使用手機」,請問【貼D2答案】天中,平均有幾天會透過手機上網,例如:用LINE、滑臉書(Facebook)、看YouTube,只算有用手機上網的天數?【數值題,可輸入小數點,範圍為0.5、1、1.5、2、2.5、3、3.5、4、4.5、5、5.5、6、6.5、7、95、97、98】【E2有答(01)或E17答(01)或E18答(01),才需回答此題】 訪員注意: 1.本題為數值題,若為區間請取「中間值」,例如:3~4天,請填入「3.5」天。 2.答案無法填答時(例如:一個月只看1天)或每週平均用不到0.5天,請填入「95」。 ________天 □"
vE5,E5,mismatch,existing r1-r4 differ from proposal,"0,2359",9797,9898,,9797,9898,,,option code span including table,"E5‧請問您因工作或課業所需利用手機上網的時間大概有多久?只算您上網時眼睛有在看螢幕的時間。 訪員注意: 1.若為區間請取「中間值」,例如:2~3小時,請填入「0230」。 2.若2個小時多一點,請填入「0215」;2小時多接近3小時,請填入「0245」。 3.若受訪者表示並不會因工作或課業所需而使用手機,請填入「0000」。 4.若受訪者表示不知道請填入「9797」,拒答請填入「9898」。 ____________(時分4碼) □ (9797)不知道 □ (9898)拒答"
vE6,E6,mismatch,existing r1-r4 differ from proposal,"0,2359",9797,9898,,9797,9898,,,option code span including table,"E6‧請問您不是因工作或課業所需(例如:休閒娛樂、跟朋友連絡)的手機上網時間大概有多久?只算您上網時眼睛有在看螢幕的時間。 受訪者的學習狀況:【貼O1_1答案】 受訪者的工作狀況:【貼O1答案】 訪員注意: 1.若為區間請取「中間值」,例如:2~3小時,請填入「0230」。 2.若2個小時多一點,請填入「0215」;2小時多接近3小時,請填入「0245」。 3.若受訪者表示並不會在非因工作或課業所需使用手機,請填入「0000」。 4.若受訪者表示不知道請填入「9797」,拒答請填入「9898」。 ____________(時分4碼) □ (9797)不知道 □ (9898)拒答"
vCKE5,CKE5,mismatch,existing r1-r4 differ from proposal,"1,88",97,98,,97,98,,,option code span including table,"CKE5 檢查題(顯示題) 【請注意】【E2有答(01)或E17答(01)或E18答(01),且O1_1答(01)~(04)、(88),或O1答(01)~(05)、(12)、(13)、(14)、(88),且E5+E6=0者】【E2有答(01)或E17答(01)或E18答(01),且O1_1答(05)、(97)、(98),或O1答(06)~(11),且E6=0者】 您之前答會透過手機上網,每星期因工作或課業所需和不是因工作或課業所需(例如:休閒娛樂、跟朋友連絡)上網的時間加總不應為0時0分,請回到E5、E6重新確認時數。 (01)請重新確認E5、E6題時數 【互斥無法點選,選項號隱藏】"
vE7,E7,mismatch,existing r1-r4 differ from proposal,"0.5,7",95,97,98,95,97,98,,option code span including table,"E7‧請問您每週平均有幾天會透過平板上網?【數值題,可輸入小數點,範圍為0.5、1、1.5、2、2.5、3、3.5、4、4.5、5、5.5、6、6.5、7、95、97、98】【E2有答(02)或E17答(02)或E18答(02)者,才需回答此題】 訪員注意: 1.本題為數值題,若為區間請取「中間值」,例如:3~4天,請填入「3.5」天。 2.答案無法填答時(例如:一個月只看1天)或每週平均用不到0.5天,請填入「95」。 ________天 □ (95)每週平均用不到0.5天 | □ (98)拒答 | □ (97)不知道"
vE8,E8,mismatch,existing r1-r4 differ from proposal,"0,2359",9797,9898,,9797,9898,,,option code span including table,"E8‧請問因工作或課業所需利用平板上網的時間大概有多久?只算您「眼睛有看著平板螢幕」的時間。 * 請以發生頻率較高(天數較多)來回答一整天看的時間,不是填看最長的時間。例如星期一到星期四都是3小時,星期五到星期日都是6小時,則頻率較高為星期一到星期四,答案填入「0300」。 訪員注意: 1.若為區間請取「中間值」,例如:2~3小時,請填入「0230」。 2.若2個小時多一點,請填入「0215」;2小時多接近3小時,請填入「0245」。 3.若受訪者表示並不會因工作或課業所需而使用平板,請填入「0000」。 4.若受訪者表示不知道請填入「9797」,拒答請填入「9898」。 __________"
vE9,E9,mismatch,existing r1-r4 differ from proposal,"0,2359",9797,9898,,9797,9898,,,option code span including table,"E9‧請問您不是因工作或課業所需(例如:休閒娛樂、跟朋友連絡)的平板上網時間大概有多久?只算您「眼睛有看著平板螢幕」的時間? * 請以發生頻率較高(天數較多)來回答一整天看的時間,不是填看最長的時間。例如星期一到星期四都是3小時,星期五到星期日都是6小時,則頻率較高為星期一到星期四,答案填入「0300」。 訪員注意: 1.若為區間請取「中間值」,例如:2~3小時,請填入「0230」。 2.若2個小時多一點,請填入「0215」;2小時多接近3小時,請填入「0245」。 3.若受訪者表示並不會在非因工作或課業所需而使用平板,請填入「0000」。 4.若受訪者表示不知道請填入「9797」,拒答請填入"
vCKE8,CKE8,mismatch,existing r1-r4 differ from proposal,"1,88",97,98,,97,98,,,option code span including table,"CKE8 檢查題(顯示題) 【請注意】【E2有答(02)或E17答(02)或E18答(02),且O1_1答(01)~(04)、(88),或O1答(01)~(05)、(12)、(13)、(14)、(88),且E8+E9=0者;或2. E2有答(02)或E17答(02)或E18答(02),且O1_1答(05)、(97)、(98),或O1答(06)~(11),且E9=0者】 您之前答會透過平板上網,每星期因工作或課業所需和不是因工作或課業所需(例如:休閒娛樂、跟朋友連絡)平板上網的時間加總不應為0時0分,請回到E8、E9重新確認時數。 (01)請重新確認E8、E9題時數 【互斥無法點選,選項號隱藏】"
vE10,E10,mismatch,existing r1-r4 differ from proposal,"0.5,7",95,97,98,95,97,98,,option code span including table,"E10‧請問您每週平均有幾天會透過電腦上網?【數值題,可輸入小數點,範圍為0.5、1、1.5、2、2.5、3、3.5、4、4.5、5、5.5、6、6.5、7、95、97、98】【E2有答(03)或E17答(03)或E18答(03),才需回答此題】 訪員注意: 1.本題為數值題,若為區間請取「中間值」,例如:3~4天,請填入「3.5」天。 2.答案無法填答時(例如:一個月只用電腦上網1天)或每週平均用不到0.5天,請填入「95」。 ________天 □ (95)每週平均用電腦上網不到0.5天 □ (97)不知道 □ (98)拒答"
vE11,E11,mismatch,existing r1-r4 differ from proposal,"0,2359",9797,9898,,9797,9898,,,option code span including table,"E11‧請問您因工作或課業所需利用電腦上網的時間大概有多久?只算您「眼睛有在看螢幕」的時間。 * 請以發生頻率較高(天數較多)來回答一整天看的時間,不是填看最長的時間。例如星期一到星期四都是3小時,星期五到星期日都是6小時,則頻率較高為星期一到星期四,答案填入「0300」。 訪員注意: 1.若為區間請取「中間值」,例如:2~3小時,請填入「0230」。 2.若2個小時多一點,請填入「0215」;2小時多接近3小時,請填入「0245」。 3.若受訪者表示並不會因工作或課業所需而使用電腦,請填入「0000」。 4.若受訪者表示不知道請填入「9797」,拒答請填入「9898」。 __________"
vE12,E12,mismatch,existing r1-r4 differ from proposal,"0,2359",9797,9898,,9797,9898,,,option code span including table,"E12‧請問您不是因工作或課業所需(例如:休閒娛樂、跟朋友連絡)的電腦上網時間大概有多久?只算您「上網時眼睛有在看螢幕」的時間。 * 請以發生頻率較高(天數較多)來回答一整天看的時間,不是填看最長的時間。例如星期一到星期四都是3小時,星期五到星期日都是6小時,則頻率較高為星期一到星期四,答案填入「0300」。 訪員注意: 1.若為區間請取「中間值」,例如:2~3小時,請填入「0230」。 2.若2個小時多一點,請填入「0215」;2小時多接近3小時,請填入「0245」。 3.若受訪者表示並不會在非因工作或課業所需而使用電腦,請填入「0000」。 4.若受訪者表示不知道請填入「9797」,拒答請"
vCKE11,CKE11,mismatch,existing r1-r4 differ from proposal,"1,88",97,98,,97,98,,,option code span including table,"CKE11 檢查題(顯示題) 【請注意】【E2有答(03)或E17答(03)或E18答(03),且O1_1答(01)~(04)、(88),或O1答(01)~(05)、(12)、(13)、(14)、(88),且E11+E12=0者;或2. E2有答(03)或E17答(03)或E18答(03),且O1_1答(05)、(97)、(98),或O1答(06)~(11),且E12=0者】 您之前答會透過電腦上網,每星期因工作或課業所需和不是因工作或課業所需(例如:休閒娛樂、跟朋友連絡)電腦上網的時間加總不應為0時0分,請回到E11、E12重新確認時數。 (01)請重新確認E11、E12題時數 【互斥無法點"
vE14,E14,mismatch,existing r1-r4 differ from proposal,"0,100000",999991,999997,999998,999991,999997,999998,,option code span including table,"E14‧請問您每個月平均在網路上消費(買東西)大概花多少錢?(例如:購物、購買遊戲點數、下載音樂或電影等)【數值題,範圍0-100000,超過最大值則填999991】【E1答(01)者,需回答此題】 訪員注意: 1.若算不出來,請回想最近一個月的網路消費情形,請別人在網路上買東西不算。 2.若每個月消費的價格不一定(有時幾百塊、有時幾千塊),則以平均計算;如受訪者表示沒有在網路上消費,請鍵入「0」;超過10萬元請鍵入「999991」。 _____元 □ (999991)超過10萬元 □ (999997)不知道□ (999998)拒答 G、傳播行為(網路新聞篇)"
vG4,G4,mismatch,existing r1-r4 differ from proposal,"0.5,7",95,97,98,95,97,98,,option code span including table,"G4‧請問您每週平均有幾天會上網看新聞?【數值題,可輸入小數點,範圍為0.5、1、1.5、2、2.5、3、3.5、4、4.5、5、5.5、6、6.5、7、95、97、98】【G7或G8或G9或G10或G11答(01)-(88)者,需答此題】 *「網路新聞」是指將新聞內容放上網路,不論是文字或影音都算。 (1)文字:包括新聞網站(例:東森新聞網)、手機app(例如:整合網路新聞app、臉書及LINE上的新聞)。 (2)影音:包括上傳在YouTube上非直播的電視新聞。 訪員注意: 1.本題為數值題,若為區間請取「中間值」,例如:3~4天,請填入「3.5」天。 2.答案無法填答時(例如:一個月只看"
vB1,B1,mismatch,existing r1-r4 differ from proposal,"0,5",95,97,98,95,97,98,,option code span including table,"B1‧請問您每星期的星期一到星期五,平均有幾天會看電視?用網路方式「同步收看」電視頻道的節目也算。【數值題,可輸入小數點,範圍為0、0.5、1、1.5、2、2.5、3、3.5、4、4.5、5、95、97、98】 *「看電視」必須真的在看或在聽才算有看。如果只是開著沒在注意,不算有看。 *「同步收看」是指收看的節目無法讓您暫停、快轉、倒退,也無法自己任意選擇想看的片段。 訪員注意: 1.本題為數值題,若為區間請取「中間值」,例如:3~4天,請填入「3.5」天。 2.如果受訪者星期一到星期五都沒有看電視,請填「0」;如果平均看不到0.5天,請填入「95」。 ________天 □ (95)平均不到"
vB3,B3,mismatch,existing r1-r4 differ from proposal,"0,2",95,97,98,95,97,98,,option code span including table,"B3‧請問星期六和星期日兩天,您大概有幾天會看電視?用網路方式「同步收看」電視頻道的節目也算。【數值題,可輸入小數點,範圍為0、0.5、1、1.5、2、95、97、98】 訪員注意: 1.本題為數值題,若為區間請取「中間值」,例如:1~2天,請填入「1.5」天。 2.如果受訪者星期六和星期日都沒有看電視,請填「0」;如果平均看不到0.5天,請填入「95」。 ________天 □ (95)平均不到0.5天 □ (97)不知道 □ (98)拒答"
vB5,B5,mismatch,existing r1-r4 differ from proposal,"0,7",95,97,98,95,97,98,,option code span including table,"B5‧您在前面題目回答:週一至週五平均看【貼題B1】天電視,週六至週日平均看【貼題B3】天 電視,每週七天中,您平均有幾天會看電視新聞(包含在網路上同步看電視新聞直播)?【數值 題,可輸入小數點,範圍為0、0.5、1、1.5、2、2.5、3、3.5、4、4.5、5、5.5、6、6.5、7、 95、97、98】【B1及B3皆答0者,不需答此題】 訪員注意: 1.本題為數值題,若為區間請取「中間值」,例如:3~4天,請填入「3.5」天。 2.如果平均看不到0.5天,請填入「95」。 ________天 □ (95)平均不到0.5天 □ (97)不知道 □ (98)拒答"
vB7,B7,range_match_special_diff,r1 matches; r2-r4 differ,"1,88",97,98,,"1,88",95,97,98,option code span including table,"B7‧那請問您最常看其中的哪一台電視新聞?(卡20)【B7a回答(01)-(88)超過2個選項時顯示,並只能選B7a選填的答案】【B7a只選1個選項,不需回答此題】 訪員注意: 1.若會看不同台的電視新聞,請用受訪者一天「看最久」的那台來回答。 2.訪員請務必追問出一台,若受訪者回答兩台以上,則追問在最忙時會第一優先看哪一台,或對哪一台最有興趣。 □ (01)TVBS新聞台(55台,24小時新聞台) □ (02)TVBS(56台) □ (03)三立新聞台(24小時新聞台) □ (04)三立台灣台 □ (05)三立財經台 (iNEWS) □ (06)八大第一台 □ (07)中視新聞台(24小時新"
vI1,I1,mismatch,existing r1-r4 differ from proposal,"0,5",95,97,98,95,97,98,,option code span including table,"I1‧接下來將詢問您有關「看戲劇」的題目。請問您每星期的星期一到星期五,平均有幾天會看戲劇節目(包含電影、動漫也算)?【數值題,可輸入小數點,範圍為0、0.5、1、1.5、2、2.5、3、3.5、4、4.5、5、95、97、98】 * 「戲劇」是指有故事劇情的節目,例如:電影、動漫、鄉土劇、偶像劇、韓劇、影集、歌仔戲、卡通等。 * 不論在電視、MOD、網路影音平台(例如:愛奇藝、Netflix等),或是從網路上下載來看的都算。 * 若沒有固定看戲劇,例如:看到喜歡、有興趣的戲劇才看或追,現在沒看到喜歡的就沒看,請回答最近一週看戲劇的天數。 訪員注意: 1.本題為數值題,若為區間請取「中間值」,"
vI3,I3,mismatch,existing r1-r4 differ from proposal,"0,2",95,97,98,95,97,98,,option code span including table,"I3‧請問星期六和星期日兩天,您大概有幾天會看戲劇節目(包含電影也算)?【數值題,可輸入小數點,範圍為0、0.5、1、1.5、2、95、97、98】 訪員注意: 1.本題為數值題,若為區間請取「中間值」,例如:1~2天,請填入「1.5」天。 2.如果受訪者平均看不到0.5天,請填入「95」;如受訪者星期六和星期日都沒有看戲劇節目,請填入「0」。 ________天 □ (95)平均不到0.5天 □ (97)不知道 □ (98)拒答"
vCKI4,I4,mismatch,existing r1-r4 differ from proposal,"1,6",,,,"1,2359",9797,9898,,explicit numeric range,"I4‧星期六和星期日有看戲劇節目的那一天,您一整天大概會看多久?【數值題,範圍:0001-2359、9797、9898】【I3答0者,不需回答此題】 * 若星期六看5小時,星期日看3小時,頻率一樣(都是一天)則以平均計算,不是算觀看時間最久那天的時間,請填入「0400」。 訪員注意: 1.本題為數值題,請填入4位數,例如2小時30分,請填入「0230」。 2.若為區間請取「中間值」,例如:2~3小時,請填入「0230」。 3.若2個小時多一點,請填入「0215」;2小時多接近3小時,請填入「0245」。 ____________(時分4碼) □ (9797)不知道 □ (9898)拒答 "
vG1,G1,mismatch,existing r1-r4 differ from proposal,"0,7",95,97,98,95,97,98,,option code span including table,"G1‧請問您每週平均有幾天會看紙本報紙?【數值題,可輸入小數點,範圍為0、0.5、1、1.5、2、2.5、3、3.5、4、4.5、5、5.5、6、6.5、7、95、97、98】【A09答(01)者,不需回答此題】 * 「紙本報紙」是指定期出刊(通常是每天或每週)的紙本印刷讀物,一般會有針對國內、國際、地方新聞的報導,也有體育、娛樂等其他主題的版別。 訪員注意: 1.本題為數值題,若為區間請取「中間值」,例如:3~4天,請填入「3.5」天。 2.如果受訪者答案無法填答時(例如:一個月只看1天)或每週平均看不到0.5天,請填入「95」;如受訪者沒有看紙本報紙,請填入「0」。 ________天 □"
vF0,F0,range_match_special_diff,r1 matches; r2-r4 differ,"1,89",97,98,90,"1,89",90,97,98,option code span including table,"F0‧請問您每個月是否會看紙本雜誌或網路雜誌?【A09答(01)者,不需回答此題】 *「紙本雜誌」是指有固定刊名、定期出版、裝訂成書的印刷讀物,例如:天下雜誌、康健雜誌、空中英語教室、ELLE她雜誌。 *「網路雜誌」是紙本雜誌的電子版本,可以在網站或APP上閱讀。 □ (01)紙本雜誌 □ (02)網路雜誌【E1答(02)、(97)、(98)者,選項互斥】 □ (89)都有看【E1答(02)、(97)、(98)者,選項互斥】 □ (90)都沒有 □ (97)不知道 □ (98)拒答"
vF1,F1,mismatch,existing r1-r4 differ from proposal,"0.5,31",95,97,98,95,97,98,,option code span including table,"F1‧請問您每個月平均有幾天會看紙本雜誌(網路雜誌不算)?【數值題,可輸入小數點,範圍為0.5、1、1.5、...、30、30.5、31、95、97、98】【F0答(01)或(89)者,需答此題】 *「紙本雜誌」是指有固定刊名、定期出版、裝訂成書的印刷讀物,例如:天下雜誌、康健雜誌、空中英語教室、ELLE她雜誌。 *「網路雜誌」是紙本雜誌的電子版本,可以在網站或APP上閱讀。 訪員注意: 1.本題為數值題,若為區間請取「中間值」,例如:3~4天,請填入「3.5」天。 2.如果受訪者答案無法填答時(例如:一年只看1~3天)或每個月平均看不到0.5天,請填入「95」。 ________天 □ (9"
vF3,F3,mismatch,existing r1-r4 differ from proposal,"0.5,31",95,97,98,95,97,98,,option code span including table,"F3‧請問您每個月平均有幾天會在網路上看雜誌?【數值題,可輸入小數點,範圍為0.5、1、1.5、...、30、30.5、31、95、97、98】【F0答(02)或(89)者,需答此題】 訪員注意: 1.本題為數值題,若為區間請取「中間值」,例如:3~4天,請填入「3.5」天。 2.如果受訪者答案無法填答時(例如:一年只看1~3天)或每個月平均看不到0.5天,請填入「95」。 ________天 □ (95)每個月平均看不到0.5天 □ (97)不知道 □ (98)拒答"
vC1,C1,mismatch,existing r1-r4 differ from proposal,"0,7",95,97,98,95,97,98,,option code span including table,"C1‧請問您每週平均有幾天會聽廣播?【數值題,可輸入小數點,範圍為0、0.5、1、1.5、2、2.5、3、3.5、4、4.5、5、5.5、6、6.5、7、95、97、98】 *「聽廣播」不管專心聽或一邊做事一邊聽都算(例如:通勤、開車、工作、做家事)。 * 不論是用收音機聽、或用網站、手機APP等「同步收聽」都算。「同步收聽」是指收聽的節目無法 讓您暫停、快轉、倒退,也無法自己任意選擇想聽的片段。 * 這裡的廣播不包含Podcast(播客)。 訪員注意: 1.本題為數值題,若為區間請取「中間值」,例如:3~4天,請填入「3.5」天。 2.如果受訪者答案無法填答時(例如:一個月只聽1天)或每週平"
vH1,H1,mismatch,existing r1-r4 differ from proposal,"0,990",991,997,998,991,997,998,,option code span including table,"H1‧接下來,想要請教您有關「平常與人接觸程度」的題目。 請問您平常一天會固定「面對面」接觸且認識的人有幾位? 包括互相點頭、打招呼、講話,對方與您認識才算,認識指的是彼此叫得出名字 【數值題,範圍為0-990、991、997、998】 訪員注意: 1.「平常」指的是週一至週五間「固定」會接觸到的人(例如家人、朋友、同事),若在服務業、運輸業、零售業等,每天會遇到不同客人,若沒有固定接觸到的就不算。 2.本題請填寫整數,若超過990人請鍵入「991」;如受訪者沒有固定「面對面」接觸且認識的人,請填入「0」。 ________人 □ (991)超過990人 □ (997)不知道 □ (998)拒"
vH2,H2,range_match_special_diff,r1 matches; r2-r4 differ,"1,5",997,998,97,"1,5",97,98,997,option code span including table,"H2‧那比較接近下面哪個答案?【H1答(997)或(998)者,需回答此題】 □ (01) 0人 □ (02) 1到2人 □ (03) 3到5人 □ (04) 6到10人 □ (05) 11人以上□ (97)不知道 □ (98)拒答"
vH4,H4,mismatch,existing r1-r4 differ from proposal,"0,990",991,997,998,991,997,998,,option code span including table,"H4‧請問您平常一天會固定「透過網路」接觸且認識的人有幾位?例如在臉書(Facebook)、LINE、線上遊戲平台互相傳訊息或貼圖,叫得出名字或暱稱才算。【數值題,範圍為0-990、991、997、998】【E1答(01)者,需回答此題】 * 有互相傳訊息或貼圖才算,只在受訪者聯絡清單上但沒有互動就不算。 * 如果受訪者在LINE群組傳訊息,有回應的人才算,沒回應的人不算。 訪員注意:本題請填寫整數,若超過990人請鍵入「991」;如受訪者沒有固定「透過網路」接觸且認識的人,請填入「0」。 ________人 □ (991)超過990人 □ (997)不知道 □ (998)拒答"
vH5,H5,range_match_special_diff,r1 matches; r2-r4 differ,"1,5",997,998,97,"1,5",97,98,997,option code span including table,"H5‧那比較接近下面哪個答案?【H4答(997)或(998)者,才需回答此題】 □ (01) 0人 □ (02) 1到2人 □ (03) 3到5人 □ (04) 6到10人 □ (05) 11人以上□ (97)不知道 □ (98)拒答"
vH7,H7,mismatch,existing r1-r4 differ from proposal,"0,990",991,997,998,97,98,991,997,option code span including table,"H7_3‧您平常一天會固定面對面接觸且認識的人有【貼題H2】人,會透過網路(例如:LINE)接觸且認識的人有【貼題H5】人,請問這兩群人中您會面對面同時也會透過網路接觸且認識的人有幾位?【數值題,範圍為0-990、991、997、998】【H2未答(01)、(97)、(98),且H5未答(01)、(97)、(98)者,需答此題】 訪員注意:本題請填寫整數,若超過990人,請鍵入「991」;如受訪者沒有會面對面同時也會透過網路接觸且認識的人,請填入「0」。 ________人□ (991)超過990人 □ (997)不知道 □ (998)拒答"
vH8,H8,mismatch,existing r1-r4 differ from proposal,"0,500",991,997,998,991,997,998,,option code span including table,"H8‧請問您會經常一起討論「個人」的重要問題或分享心事(台語:講心內話)的人,有幾位?【數值題,範圍為0-500、991、997、998】 訪員注意: 1.若為區間請取「中間值」後四捨五入,例如:10~15人,填「13」人。 2.本題請填寫整數,若超過500人請鍵入「991」。 3.如受訪者沒有會一起討論「個人」的重要問題或分享心事的人,請填入「0」。 ________人□ (991)超過500人 □ (997)不知道 □ (998)拒答 M、傳播行為(電玩篇)"
vN24,N24,mismatch,existing r1-r4 differ from proposal,"1,88",97,98,,"1,5",97,98,,option code span including table,"N24‧整體而言,您對於您的工作滿不滿意?(卡33) 【O1答(01)-(05)、(88)者,需回答此題】 □ (01)非常不滿意 □ (02)不滿意 □ (03)普通 □ (04)滿意 □ (97)不知道 □ (98)拒答 □ (05)非常滿意"
vQ3,Q3,mismatch,existing r1-r4 differ from proposal,"1,8",97,98,,"1,4",97,98,,option code span including table,"Q3. 最近一個月,請問您有多常透過廣播獲得政治或公共事務的訊息呢? (卡40)【C1回答0者,不需回答此題】 □(01) 從來沒有【C3答(08)者,選項互斥】 □(02) 很少 □(03) 有時 □(04) 經常□(97) 不知道 □(98) 拒答"
vQ4,Q4,mismatch,existing r1-r4 differ from proposal,"1,8",97,98,,"1,4",97,98,,option code span including table,"Q4. 最近一個月,請問您有多常透過電視獲得政治或公共事務的訊息呢?(卡40)【B1及B3皆回答0者,不需回答此題】 □(01) 從來沒有【B8答(08)者,選項互斥】 □(02) 很少 □(03) 有時 □(04) 經常□(97) 不知道 □(98) 拒答"
vQ6,Q6,range_match_special_diff,r1 matches; r2-r4 differ,"1,4",97,98,90,"1,4",90,97,98,option code span including table,"Q6.請問您多常透過下列網路平台接觸到(包括:觀看、瀏覽、點閱或蒐尋)和「政治或公共事務」有關的新聞、訊息或影片? 社群媒體(如:Threads、臉書Facebook、Instagram、抖音TikTok等)?(卡41)【Q5答(02)、(97)、(98)者,或K2答(90)者,不需答此題】【不須答此題】 訪員注意:如受訪者對於社群媒體或通訊軟體有疑慮,請出示卡40A說明。 □(01) 從來沒有 □(02) 很少 □(03) 有時 □(04) 經常□(97) 不知道 □(98) 拒答"
vQ7,Q7,range_match_special_diff,r1 matches; r2-r4 differ,"1,4",97,98,90,"1,4",90,97,98,option code span including table,"Q7.請問您多常透過下列網路平台接觸到(包括:觀看、瀏覽、點閱或蒐尋)和「政治或公共事務」有關的新聞、訊息或影片? 影音平台(如:YouTube)?(卡41)【Q5答(02)、(97)、(98)者,或K3答(90)者,不需答此題】 □(01) 從來沒有 □(02) 很少 □(03) 有時 □(04) 經常□(97) 不知道 □(98) 拒答"
vQ8,Q8,range_match_special_diff,r1 matches; r2-r4 differ,"1,4",97,98,90,"1,4",90,97,98,option code span including table,"Q8.請問您多常透過下列網路平台接觸到(包括:觀看、瀏覽、點閱或蒐尋)和「政治或公共事務」有關的新聞、訊息或影片? 通訊軟體(如:LINE、FB messenger)?(卡41)【Q5答(02)、(97)、(98)者,或K1答(90)者,不需答此題】 訪員注意:如受訪者對於社群媒體或通訊軟體有疑慮,請出示卡40A說明。 □(01) 從來沒有 □(02) 很少 □(03) 有時 □(04) 經常□(97) 不知道 □(98) 拒答"
vQ9,Q9,range_match_special_diff,r1 matches; r2-r4 differ,"1,4",97,98,90,"1,4",90,97,98,option code span including table,"Q9.請問您多常透過下列網路平台接觸到(包括:觀看、瀏覽、點閱或蒐尋)和「政治或公共事務」有關的新聞、訊息或影片? 新聞網站(如:ETtoday新聞雲、聯合新聞網等)?(卡41)【Q5答(02)、(97)、(98)者,或G7和G8和G9和G10和G11皆答(90),不需答此題】 □(01) 從來沒有 □(02) 很少 □(03) 有時 □(04) 經常□(97) 不知道 □(98) 拒答"
vCKQ10,Q10,range_match_special_diff,r1 matches; r2-r4 differ,"1,2",,,,"1,2",97,98,,option code span including table,"Q10. 請問您有沒有透過網路轉貼、轉寄或分享和「政治或公共事務」有關的新聞、訊息或影片?【E1答(01)者,需回答此題】 □ (01)有 □ (02)沒有 □ (97)不知道 □ (98)拒答 【檢查題】CKQ10.請向受訪者說明:【Q5答(02)者,且Q10答(01)者,需回答此題】 您之前答沒有透過網路接觸到政治或公共事務相關訊息(Q5), 但會透過網路轉貼、轉寄或分享政治或公共事務相關訊息(Q10), 請您再次確認,最近一個月有沒有透過網路接觸到和「政治或公共事務」有關的新聞、訊息或影片?(很少也算) 「有接觸」,請回到Q5題點選(01)有; 「沒有接觸」,請回到Q10題點選(02)沒"
vQ11,Q11,range_match_special_diff,r1 matches; r2-r4 differ,"1,4",97,98,90,"1,4",90,97,98,option code span including table,"Q11.請問您多常透過下列網路平台轉貼、轉寄或分享和「政治或公共事務」有關的新聞、訊息或影片? 社群媒體(如:Threads、臉書Facebook、Instagram、抖音TikTok等)?(卡41)【Q10答(02)、(97)、(98)者,或K2答(90)者,或Q6答(01)者,不需答此題】 訪員注意:如受訪者對於社群媒體或通訊軟體有疑慮,請出示卡40A說明。 □(01) 從來沒有 □(02) 很少 □(03) 有時 □(04) 經常□(97) 不知道 □(98) 拒答"
vQ12,Q12,range_match_special_diff,r1 matches; r2-r4 differ,"1,4",97,98,90,"1,4",90,97,98,option code span including table,"Q12.請問您多常透過下列網路平台轉貼、轉寄或分享和「政治或公共事務」有關的新聞、訊息或影片? 影音平台(如:YouTube)?(卡41)【Q10答(02)、(97)、(98)者,或K3答(90)者,或Q7答(01)者,不需答此題】 □(01) 從來沒有 □(02) 很少 □(03) 有時 □(04) 經常□(97) 不知道 □(98) 拒答"
vQ13,Q13,range_match_special_diff,r1 matches; r2-r4 differ,"1,4",97,98,90,"1,4",90,97,98,option code span including table,"Q13.請問您多常透過下列網路平台轉貼、轉寄或分享和「政治或公共事務」有關的新聞、訊息或影片? 通訊軟體(如:LINE、FB messenger)?(卡41)【Q10答(02)、(97)、(98)者,或K1答(90)者,或Q8答(01)者,不需答此題】 訪員注意:如受訪者對於社群媒體或通訊軟體有疑慮,請出示卡40A說明。 □(01) 從來沒有 □(02) 很少 □(03) 有時 □(04) 經常□(97) 不知道 □(98) 拒答"
vQ14,Q14,range_match_special_diff,r1 matches; r2-r4 differ,"1,4",97,98,90,"1,4",90,97,98,option code span including table,"Q14.請問您多常透過下列網路平台轉貼、轉寄或分享和「政治或公共事務」有關的新聞、訊息或影片? 新聞網站(如:ETtoday新聞雲、聯合新聞網等)?(卡41)【Q10答(02)、(97)、(98)者,或G7和G8和G9和G10和G11皆答(90),或Q9答(01)者,不需答此題】 □(01) 從來沒有 □(02) 很少 □(03) 有時 □(04) 經常□(97) 不知道 □(98) 拒答"
vQ16,Q16,range_match_special_diff,r1 matches; r2-r4 differ,"1,4",97,98,90,"1,4",90,97,98,option code span including table,"Q16.請問您多常透過下列網路平台發「政治或公共事務」相關的訊息(包含製作影片或評論新聞)? 社群媒體(如:Threads、臉書Facebook、Instagram、抖音TikTok等)?(卡41)【Q15答(02)、(97)、(98)者,或K2答(90)者,不需答此題】 訪員注意:如受訪者對於社群媒體或通訊軟體有疑慮,請出示卡40A說明。 □(01) 從來沒有 □(02) 很少 □(03) 有時 □(04) 經常□(97) 不知道 □(98) 拒答"
vQ17,Q17,range_match_special_diff,r1 matches; r2-r4 differ,"1,4",97,98,90,"1,4",90,97,98,option code span including table,"Q17.請問您多常透過下列網路平台發「政治或公共事務」相關的訊息(包含製作影片或評論新聞)? 影音平台(如:YouTube)?(卡41)【Q15答(02)、(97)、(98)者,或K3答(90)者,不需答此題】 □(01) 從來沒有 □(02) 很少 □(03) 有時 □(04) 經常□(97) 不知道 □(98) 拒答"
vQ18,Q18,range_match_special_diff,r1 matches; r2-r4 differ,"1,4",97,98,90,"1,4",90,97,98,option code span including table,"Q18.問您多常透過下列網路平台發「政治或公共事務」相關的訊息(包含製作影片或評論新聞)? 通訊軟體(如:LINE、FB messenger)?(卡41)【Q15答(02)、(97)、(98)者,或K1答(90)者,不需答此題】 訪員注意:如受訪者對於社群媒體或通訊軟體有疑慮,請出示卡40A說明。 □(01) 從來沒有 □(02) 很少 □(03) 有時 □(04) 經常□(97) 不知道 □(98) 拒答"
vQ19,Q19,range_match_special_diff,r1 matches; r2-r4 differ,"1,4",97,98,90,"1,4",90,97,98,option code span including table,"Q19.請問您多常透過下列網路平台發「政治或公共事務」相關的訊息(包含製作影片或評論新聞)?新聞網站(如:ETtoday新聞雲、聯合新聞網等)?(卡41)【Q15答(02)、(97)、(98)者,或G7和G8和G9和G10和G11皆答(90),不需答此題】 □(01) 從來沒有 □(02) 很少 □(03) 有時 □(04) 經常□(97) 不知道 □(98) 拒答"
vQ45,Q45,mismatch,existing r1-r4 differ from proposal,"1,89",90,91,92,"1,88",90,91,92,option code span including table,"Q45.那請問您有沒有比較傾向投給哪一黨的候選人?(卡59)【Q44答(89)、(90)、(91)、(92)、 (94)、(95)、(97)、(98),需答此題】 □(01)國民黨 □(02)民進黨 □(03)台灣民眾黨 □(04)無黨籍 □(88)其他政黨,請說明____ □(90)都沒有 □(97)不知道 □(98)拒答"
vQ50,Q50,mismatch,existing r1-r4 differ from proposal,2,97,98,,"1,2",97,98,,option code span including table,"Q50那相對來說,請問您有沒有稍微偏向支持哪一個政黨?【Q49答(02)、(97)、(98),需答此題】 □ (01) 有 □ (97) 不知道 □ (02) 沒有 □ (98) 拒答"
vQ51,Q51,range_match_special_diff,r1 matches; r2-r4 differ,"1,88",,,,"1,88",97,98,,option code span including table,"Q51請問是哪一個政黨?(卡61) 【Q49答(01),或Q50答(01),需答此題】 訪員備註:如果支持特定政治人物或泛藍、泛綠,請在(88)其他輸入答案。 □(01)國民黨 □(06)時代力量 □(11)小民參政歐巴桑聯盟 □(02)民進黨 □(07)台灣基進 □(88)其他政黨,請說明___ □(03)新黨 □(08)台灣民眾黨 □(97)不知道 □(04)親民黨 □(09)社會民主黨 □(98)拒答 □(05)綠黨 □(10)台灣團結聯盟 "
vQ52,Q52,mismatch,existing r1-r4 differ from proposal,"1,88",,,,"1,3",94,95,97,option code span including table,"Q52請問,您偏向【貼題Q51】這個政黨的程度是很強,普通,還是有一點?【Q51答(01) ~ (88),需答此題】 □(01) 很強 □(94) 看情形 □(02) 普通 □(95) 無意見 □(03) 有一點 □(97) 不知道 □(98) 拒答"
vQ54,Q54,mismatch,existing r1-r4 differ from proposal,"1,88",97,98,,"0,88",97,98,,option code span including table,"Q54在我們社會上,有人說自己是「臺灣人」,也有人說自己是「中國人」,也有人說都是。請問您認為自己是「臺灣人」、「中國人」,或者都是? □(01)臺灣人 □(02)中國人 □(03)都是 □(88)其他,請說明_____ □(97)不知道 □(98)拒答 【陶振超委員】P5_6‧我們社會中,有一群人比較接近上層,有一群人比較接近下層,請問您認為台灣的軍人位於梯子的哪一層?(卡64)【調查結束後recode為問卷選項號】 □(10)10 □(09)9 □(08)8 □(07)7 □(06)6 □(05)5 □(04)4 □(03)3 □(02)2 □(01)1 □(00)0 □ (97)不知道 "
